Positive,Negative,comment_score
26.977950713359274,88.32684824902724,26
26.63788725241239,88.69984763839513,29
42.857142857142854,78.57142857142857,-91
31.25,87.5,474
0.0,100.0,2529
0.0,100.0,2509
0.0,0.0,2040
0.0,66.66666666666666,964
50.0,75.0,1806
0.0,0.0,-250
0.0,50.0,2453
0.0,100.0,1950
100.0,0.0,-279
24.0,85.0,191
28.152866242038215,89.68152866242039,65
23.809523809523807,95.23809523809523,418
0.0,75.0,558
50.0,100.0,1224
0.0,100.0,3806
44.44444444444444,88.88888888888889,541
25.0,75.0,1010
0.0,100.0,1840
0.0,50.0,3280
33.33333333333333,100.0,1277
100.0,100.0,1258
0.0,100.0,2173
37.5,72.22222222222221,-58
25.882352941176475,91.76470588235294,222
36.84210526315789,89.47368421052632,293
0.0,0.0,8872
23.728813559322035,79.66101694915254,270
20.0,60.0,-109
0.0,100.0,2570
25.0,75.0,730
0.0,100.0,6675
100.0,100.0,938
0.0,100.0,1371
50.0,50.0,1145
0.0,100.0,1409
0.0,33.33333333333333,1127
0.0,100.0,2517
0.0,100.0,1551
24.0,84.0,243
31.25,87.5,442
45.45454545454545,90.9090909090909,720
14.285714285714285,91.83673469387756,278
16.666666666666664,83.33333333333334,367
0.0,100.0,1175
0.0,100.0,1936
0.0,0.0,1532
22.22222222222222,100.0,705
0.0,100.0,7303
100.0,100.0,1690
0.0,100.0,1202
0.0,100.0,1463
0.0,66.66666666666666,2598
100.0,100.0,10205
0.0,100.0,-302
0.0,100.0,2030
0.0,100.0,6287
0.0,0.0,2944
0.0,100.0,2371
23.017902813299234,88.57630008525149,54
27.264026797463814,87.82150974997009,19
33.33333333333333,66.66666666666666,1447
23.52941176470588,96.07843137254902,296
50.0,100.0,2551
50.0,50.0,926
0.0,100.0,2857
0.0,100.0,1217
33.33333333333333,100.0,1782
33.33333333333333,100.0,1537
0.0,75.0,965
100.0,0.0,-159
0.0,100.0,11574
100.0,100.0,1951
0.0,100.0,7233
30.65486647926915,83.09689037245256,0
27.692307692307693,87.6923076923077,277
31.428571428571427,91.42857142857143,348
25.53191489361702,87.2340425531915,287
36.36363636363637,90.9090909090909,415
0.0,100.0,2157
0.0,100.0,1336
33.33333333333333,100.0,847
0.0,100.0,1594
40.0,86.66666666666667,502
0.0,100.0,2900
25.0,100.0,1055
0.0,100.0,1921
20.0,100.0,656
100.0,100.0,2881
0.0,0.0,2583
0.0,100.0,2088
32.00724966017218,81.25962845491618,-3
29.01960784313726,89.80392156862746,112
35.714285714285715,80.51948051948052,-30
22.093023255813954,91.08527131782945,113
31.496062992125985,91.33858267716536,155
31.57894736842105,89.47368421052632,299
29.565217391304348,91.30434782608695,167
19.230769230769234,88.46153846153845,385
0.0,75.0,1042
0.0,100.0,1599
20.0,50.0,-118
100.0,100.0,4131
0.0,100.0,831
100.0,80.0,-135
40.0,80.0,736
100.0,100.0,5579
0.0,100.0,7139
37.86008230452675,83.9506172839506,-35
27.027027027027028,90.54054054054053,237
27.586206896551722,96.55172413793103,347
23.728813559322035,94.91525423728814,241
14.285714285714285,71.42857142857143,602
20.0,80.0,857
8.333333333333332,91.66666666666666,564
37.5,87.5,588
0.0,100.0,6479
100.0,0.0,-324
0.0,100.0,1497
0.0,100.0,4220
0.0,100.0,1740
27.626768399300587,87.60133524082022,22
20.0,88.57142857142857,330
14.285714285714285,85.71428571428571,414
17.24137931034483,89.65517241379311,198
8.333333333333332,91.66666666666666,530
66.66666666666666,66.66666666666666,-141
100.0,100.0,1905
11.11111111111111,100.0,724
50.0,100.0,7392
100.0,100.0,1640
0.0,100.0,2355
0.0,100.0,1338
0.0,100.0,1211
0.0,100.0,1241
0.0,100.0,2317
27.230046948356808,88.73239436619718,130
44.26229508196721,77.04918032786885,-60
33.33333333333333,86.66666666666667,487
22.093023255813954,90.69767441860465,196
31.57894736842105,94.73684210526315,427
20.0,100.0,1059
50.0,100.0,1157
0.0,100.0,932
0.0,100.0,1403
100.0,100.0,1428
33.33333333333333,100.0,2277
60.0,80.0,1152
13.333333333333334,93.33333333333333,486
25.0,100.0,1050
0.0,100.0,7783
0.0,100.0,3821
100.0,100.0,-401
0.0,100.0,823
0.0,100.0,3024
100.0,100.0,3125
27.537535025720377,87.37192087323827,7
39.497307001795335,80.96947935368043,-25
28.620689655172416,90.17241379310344,77
100.0,0.0,1760
0.0,100.0,2007
30.0,70.0,677
100.0,100.0,-209
50.0,100.0,2241
50.0,100.0,1353
0.0,100.0,1527
0.0,100.0,1979
0.0,100.0,3489
26.768268855021493,89.80070339976554,34
36.36363636363637,90.9090909090909,635
11.11111111111111,88.88888888888889,858
22.89156626506024,89.1566265060241,184
9.090909090909092,100.0,532
100.0,100.0,11894
0.0,100.0,1540
0.0,100.0,1041
0.0,100.0,2929
0.0,100.0,1529
100.0,0.0,1427
0.0,100.0,3311
0.0,100.0,1687
0.0,100.0,5275
100.0,100.0,-257
23.076923076923077,92.3076923076923,551
32.967032967032964,73.62637362637363,-49
0.0,0.0,2309
28.57142857142857,100.0,853
50.0,100.0,1319
66.66666666666666,66.66666666666666,-190
100.0,100.0,1200
50.0,100.0,1471
23.076923076923077,100.0,463
33.33333333333333,100.0,830
0.0,100.0,1329
50.0,100.0,2181
100.0,100.0,1460
35.18518518518518,81.48148148148148,-65
27.27272727272727,87.87878787878788,188
0.0,100.0,1445
50.0,100.0,693
33.33333333333333,66.66666666666666,399
0.0,100.0,5142
66.66666666666666,100.0,1199
100.0,100.0,2116
33.33333333333333,100.0,1052
100.0,100.0,1458
0.0,100.0,3692
0.0,100.0,2942
0.0,0.0,2069
19.642857142857142,89.28571428571429,228
26.548672566371685,87.16814159292035,126
28.78787878787879,83.33333333333334,202
40.0,86.66666666666667,529
0.0,100.0,14303
15.789473684210526,89.47368421052632,274
16.666666666666664,83.33333333333334,844
100.0,100.0,8776
50.0,100.0,889
0.0,100.0,1988
100.0,100.0,2204
34.06766325727774,80.01573564122738,-7
25.0,83.33333333333334,406
20.0,91.42857142857143,325
18.75,89.58333333333334,262
12.5,87.5,624
0.0,100.0,998
0.0,100.0,1694
0.0,50.0,1567
100.0,100.0,6728
50.0,100.0,3636
0.0,100.0,-185
0.0,100.0,3689
50.0,100.0,1899
50.0,100.0,691
23.52941176470588,82.35294117647058,-90
25.0,50.0,-95
0.0,100.0,1415
0.0,100.0,2080
21.428571428571427,78.57142857142857,570
0.0,100.0,734
0.0,100.0,1776
0.0,100.0,2308
100.0,0.0,-270
0.0,100.0,6712
0.0,100.0,1508
100.0,100.0,1799
0.0,100.0,4639
0.0,100.0,4358
25.78819725141471,89.08649959579628,50
0.0,0.0,4273
25.40106951871658,89.3048128342246,94
25.477707006369428,91.0828025477707,149
25.0,100.0,1174
0.0,100.0,2772
42.857142857142854,14.285714285714285,-107
41.66666666666667,91.66666666666666,-79
33.33333333333333,100.0,421
0.0,100.0,4859
0.0,0.0,4608
0.0,0.0,2477
50.0,100.0,1038
100.0,100.0,10798
0.0,100.0,6298
0.0,100.0,2710
35.38205980066445,78.68217054263566,-13
35.0,93.33333333333333,264
14.285714285714285,85.71428571428571,600
0.0,66.66666666666666,876
0.0,100.0,1302
0.0,100.0,2149
12.5,87.5,638
20.0,100.0,1110
0.0,100.0,1756
0.0,80.0,1789
25.0,100.0,961
0.0,100.0,1064
0.0,100.0,3468
0.0,100.0,2841
44.44444444444444,55.55555555555556,-116
39.436619718309856,88.73239436619718,229
0.0,100.0,1212
0.0,100.0,2593
0.0,100.0,1559
0.0,100.0,650
33.33333333333333,100.0,1376
100.0,100.0,1969
0.0,50.0,2153
33.33333333333333,100.0,1485
0.0,75.0,1119
0.0,0.0,1343
0.0,100.0,1846
100.0,100.0,1930
0.0,100.0,3737
0.0,100.0,3403
100.0,100.0,3687
0.0,100.0,2196
31.06796116504854,89.32038834951457,190
27.203065134099617,89.65517241379311,110
17.647058823529413,94.11764705882352,343
0.0,100.0,3410
33.33333333333333,87.5,275
28.57142857142857,100.0,629
0.0,100.0,2182
33.33333333333333,83.33333333333334,706
18.75,87.5,439
0.0,83.33333333333334,737
100.0,100.0,2215
0.0,100.0,3796
100.0,0.0,1967
38.793103448275865,78.01724137931035,-26
28.128231644260598,88.9348500517063,57
0.0,100.0,1002
25.0,81.25,513
23.737373737373737,88.38383838383838,136
0.0,100.0,3306
42.857142857142854,100.0,828
33.33333333333333,66.66666666666666,936
100.0,100.0,2982
0.0,100.0,1407
0.0,100.0,1213
50.0,100.0,1607
0.0,100.0,3386
0.0,100.0,3105
25.0,91.47727272727273,144
46.666666666666664,71.66666666666667,-61
27.77777777777778,88.88888888888889,412
18.181818181818183,95.45454545454545,388
20.833333333333336,91.66666666666666,417
0.0,0.0,2041
14.285714285714285,100.0,963
0.0,0.0,-233
0.0,100.0,-172
100.0,100.0,1956
50.0,100.0,1571
0.0,100.0,4802
0.0,100.0,-204
0.0,100.0,2212
0.0,100.0,6072
0.0,0.0,1256
20.0,100.0,1025
100.0,100.0,4677
33.33333333333333,100.0,1283
33.33333333333333,100.0,909
0.0,0.0,1240
100.0,100.0,1219
0.0,100.0,2971
0.0,100.0,5847
0.0,100.0,9876
0.0,100.0,3405
0.0,100.0,1549
36.36363636363637,81.81818181818183,555
27.734241908006812,87.87052810902895,32
28.081779915814792,89.29645219482862,43
37.06293706293706,79.72027972027972,-41
50.0,50.0,2223
0.0,100.0,1089
23.076923076923077,88.46153846153845,420
40.0,80.0,1128
40.0,80.0,752
33.33333333333333,100.0,1108
0.0,100.0,4883
25.0,100.0,1073
100.0,100.0,2077
57.14285714285714,100.0,696
0.0,100.0,2667
0.0,100.0,1051
0.0,100.0,1134
22.737306843267106,90.50772626931567,84
33.33333333333333,93.33333333333333,378
100.0,100.0,3559
0.0,100.0,8754
0.0,100.0,1233
0.0,100.0,2012
0.0,100.0,6237
0.0,100.0,7127
100.0,100.0,2821
0.0,100.0,5013
0.0,100.0,5305
31.428571428571427,85.71428571428571,212
50.0,83.33333333333334,766
33.33333333333333,100.0,970
0.0,100.0,-154
33.33333333333333,83.33333333333334,779
0.0,100.0,1362
0.0,0.0,4542
27.4906600249066,88.35616438356165,31
20.588235294117645,85.29411764705883,376
33.33333333333333,55.55555555555556,-108
21.428571428571427,92.85714285714286,662
66.66666666666666,100.0,1722
37.5,100.0,516
0.0,100.0,1434
0.0,100.0,6587
50.0,50.0,1811
100.0,100.0,2441
0.0,100.0,1361
0.0,100.0,958
30.042918454935624,89.69957081545064,119
40.0,70.0,-111
32.0,96.0,395
0.0,100.0,2130
33.33333333333333,83.33333333333334,768
33.33333333333333,100.0,1420
0.0,100.0,974
0.0,100.0,1440
0.0,100.0,4633
100.0,100.0,6839
100.0,100.0,1940
0.0,33.33333333333333,-145
28.000000000000004,96.0,450
26.666666666666668,93.33333333333333,326
57.14285714285714,80.95238095238095,386
50.0,100.0,1461
0.0,100.0,6637
41.66666666666667,100.0,596
50.0,75.0,1444
25.0,100.0,595
0.0,80.0,894
50.0,100.0,1069
0.0,100.0,1513
0.0,100.0,2113
0.0,100.0,3420
26.454223571067274,89.73191704602934,39
34.67741935483871,79.03225806451613,-50
27.696793002915456,88.33819241982506,98
0.0,90.0,561
0.0,100.0,1733
23.595505617977526,93.25842696629213,187
21.428571428571427,85.71428571428571,496
0.0,100.0,2451
0.0,100.0,1297
50.0,100.0,845
0.0,100.0,1918
0.0,100.0,4296
26.153846153846157,89.23076923076924,232
29.411764705882355,89.2156862745098,201
26.31578947368421,78.94736842105263,402
50.0,50.0,-168
0.0,100.0,1141
25.0,100.0,1252
100.0,100.0,1405
0.0,100.0,2606
50.0,100.0,990
0.0,100.0,2022
0.0,100.0,1975
0.0,100.0,3486
20.0,100.0,1282
20.0,90.0,773
0.0,100.0,966
20.0,100.0,962
0.0,100.0,1945
0.0,100.0,2862
100.0,100.0,1612
100.0,0.0,5111
28.235294117647058,90.58823529411765,203
20.0,80.0,700
0.0,100.0,2106
0.0,100.0,-305
0.0,100.0,2922
0.0,100.0,2839
0.0,100.0,1891
0.0,100.0,2527
100.0,100.0,1482
28.32618025751073,88.8412017167382,116
28.289473684210524,90.13157894736842,145
0.0,100.0,2472
11.11111111111111,100.0,488
50.0,50.0,1942
0.0,0.0,-158
0.0,0.0,3319
0.0,100.0,3469
0.0,0.0,1602
26.42955393987031,87.89546079779917,25
0.0,100.0,-224
38.46153846153847,76.92307692307693,-98
0.0,100.0,4224
0.0,100.0,2110
0.0,50.0,1312
100.0,0.0,-246
50.0,100.0,1778
50.0,100.0,1757
100.0,100.0,-235
0.0,100.0,2787
80.0,80.0,880
33.33333333333333,66.66666666666666,814
0.0,100.0,3431
0.0,100.0,-330
100.0,100.0,1826
100.0,0.0,2016
0.0,100.0,1893
100.0,100.0,1299
0.0,100.0,1099
100.0,0.0,3275
0.0,100.0,3834
50.0,100.0,2026
0.0,100.0,1452
60.0,100.0,948
0.0,100.0,3827
0.0,100.0,15506
0.0,100.0,1805
0.0,100.0,6205
24.516129032258064,89.6774193548387,157
0.0,100.0,1330
0.0,100.0,1897
0.0,100.0,10323
12.5,87.5,1048
100.0,100.0,7198
0.0,100.0,9503
50.0,100.0,1347
100.0,0.0,5758
29.357798165137616,89.90825688073394,124
36.157779401022644,80.6428049671293,-15
33.33333333333333,66.66666666666666,1368
20.0,88.0,363
33.33333333333333,66.66666666666666,1535
61.53846153846154,61.53846153846154,-101
33.33333333333333,86.20689655172413,181
50.0,100.0,1149
50.0,50.0,2501
28.57142857142857,100.0,586
100.0,100.0,2384
20.0,80.0,1323
25.0,100.0,843
0.0,100.0,1135
100.0,100.0,1712
0.0,100.0,1592
0.0,100.0,3464
100.0,100.0,2334
0.0,0.0,5908
38.88888888888889,72.22222222222221,-88
66.66666666666666,66.66666666666666,-112
0.0,100.0,1810
0.0,100.0,4882
0.0,100.0,686
0.0,0.0,4494
50.0,100.0,1016
50.0,100.0,852
0.0,100.0,1737
36.95652173913043,67.3913043478261,-71
22.888283378746593,89.64577656675749,95
25.0,62.5,699
24.615384615384617,87.6923076923077,227
22.413793103448278,89.65517241379311,268
50.0,66.66666666666666,-149
33.33333333333333,100.0,562
50.0,100.0,925
0.0,100.0,3574
27.27272727272727,100.0,589
0.0,100.0,1246
0.0,100.0,2297
100.0,100.0,2176
0.0,100.0,1553
35.0,100.0,369
32.142857142857146,96.42857142857143,413
15.789473684210526,89.47368421052632,455
16.666666666666664,100.0,760
20.0,100.0,820
0.0,100.0,1721
100.0,100.0,915
100.0,0.0,-227
100.0,100.0,-202
0.0,100.0,1395
0.0,100.0,5590
0.0,100.0,3460
0.0,100.0,912
24.418604651162788,89.53488372093024,143
25.413533834586467,86.61654135338345,71
100.0,100.0,1960
20.0,70.0,703
37.5,75.0,704
28.57142857142857,92.85714285714286,370
37.5,75.0,621
33.33333333333333,100.0,790
0.0,100.0,2555
0.0,0.0,1902
0.0,100.0,642
0.0,100.0,3914
0.0,100.0,2346
100.0,100.0,1274
0.0,100.0,6457
26.573426573426573,93.00699300699301,161
43.93939393939394,78.78787878787878,-45
31.182795698924732,92.47311827956989,193
20.0,90.0,443
29.411764705882355,82.35294117647058,365
33.33333333333333,100.0,1191
0.0,50.0,1429
0.0,100.0,2101
0.0,100.0,1934
0.0,100.0,3942
100.0,100.0,3534
27.328309166108124,87.53330826698927,6
22.48427672955975,90.25157232704403,68
100.0,100.0,2740
100.0,100.0,2586
13.043478260869565,91.30434782608695,342
100.0,100.0,1520
32.0,88.0,466
100.0,100.0,2498
0.0,100.0,1012
20.0,90.0,713
50.0,0.0,-197
0.0,100.0,4456
33.33333333333333,100.0,2394
0.0,100.0,2668
100.0,100.0,2186
100.0,100.0,1242
20.36613272311213,87.87185354691076,87
26.523887973640857,89.78583196046128,72
26.31578947368421,86.8421052631579,215
0.0,100.0,2177
25.0,50.0,756
0.0,100.0,1786
0.0,0.0,3580
100.0,100.0,1994
0.0,0.0,3328
0.0,100.0,1608
24.874623871614844,87.86359077231694,58
28.57142857142857,71.42857142857143,665
21.818181818181817,89.0909090909091,258
25.0,89.0625,255
24.137931034482758,82.75862068965517,320
0.0,83.33333333333334,-119
100.0,100.0,1665
20.0,80.0,854
0.0,100.0,-181
33.33333333333333,100.0,1259
37.5,62.5,-133
0.0,100.0,1098
100.0,100.0,4141
0.0,100.0,4715
33.33333333333333,100.0,883
50.0,100.0,2207
0.0,100.0,1773
0.0,100.0,2362
0.0,100.0,2518
22.93577981651376,92.04892966360856,107
33.33333333333333,87.5,424
17.105263157894736,93.42105263157895,221
27.659574468085108,91.48936170212765,266
18.867924528301888,88.67924528301887,271
16.666666666666664,100.0,882
46.666666666666664,80.0,-104
100.0,100.0,3094
0.0,100.0,3779
25.0,75.0,1124
0.0,100.0,2275
100.0,100.0,1817
0.0,100.0,1150
100.0,100.0,1769
26.901629072681704,87.62531328320802,9
35.294117647058826,94.11764705882352,407
10.81081081081081,94.5945945945946,316
20.0,100.0,789
35.714285714285715,92.85714285714286,554
50.0,50.0,2365
15.384615384615385,61.53846153846154,-96
75.0,100.0,920
0.0,100.0,897
0.0,100.0,1675
33.33333333333333,100.0,1476
0.0,100.0,4510
0.0,100.0,4053
20.0,100.0,744
0.0,100.0,4748
0.0,0.0,968
0.0,100.0,2076
0.0,100.0,3960
26.776198934280636,88.14387211367674,27
24.482758620689655,89.65517241379311,63
36.16298811544992,78.77758913412563,-24
26.31578947368421,78.94736842105263,397
16.666666666666664,83.33333333333334,933
23.134328358208954,85.82089552238806,158
21.052631578947366,94.73684210526315,389
22.22222222222222,77.77777777777779,447
28.57142857142857,85.71428571428571,754
66.66666666666666,83.33333333333334,796
0.0,100.0,7952
0.0,50.0,2255
100.0,100.0,1693
0.0,100.0,1570
0.0,100.0,2758
25.0,100.0,959
33.33333333333333,100.0,1531
50.0,100.0,856
50.0,100.0,2281
100.0,100.0,2084
25.957049486461255,88.23529411764706,56
28.04979253112033,89.70954356846474,51
0.0,100.0,1267
33.33333333333333,66.66666666666666,-169
0.0,100.0,2818
0.0,100.0,2553
0.0,100.0,7910
0.0,100.0,5234
0.0,100.0,2741
27.102803738317753,91.58878504672897,178
0.0,100.0,1698
17.857142857142858,85.71428571428571,353
0.0,100.0,702
100.0,100.0,1739
100.0,100.0,3042
34.48275862068966,87.93103448275862,239
36.36363636363637,81.81818181818183,610
25.352112676056336,88.73239436619718,234
8.695652173913043,95.65217391304348,341
0.0,100.0,4637
0.0,100.0,891
0.0,100.0,5406
0.0,100.0,3193
100.0,100.0,1437
26.751592356687897,85.98726114649682,150
0.0,100.0,4975
20.0,100.0,574
37.2093023255814,95.34883720930233,279
0.0,100.0,1545
100.0,100.0,1800
0.0,100.0,1514
0.0,100.0,1955
33.13609467455622,86.98224852071006,146
27.836734693877553,88.48979591836735,52
23.076923076923077,84.61538461538461,546
33.33333333333333,100.0,1849
25.0,100.0,1307
0.0,100.0,2714
27.27272727272727,84.84848484848484,346
23.076923076923077,92.3076923076923,608
0.0,100.0,1263
50.0,100.0,694
0.0,100.0,2415
0.0,100.0,3838
0.0,100.0,1762
50.0,100.0,1987
0.0,100.0,2066
0.0,100.0,3645
100.0,100.0,1328
0.0,100.0,2219
33.33333333333333,75.0,-77
35.82089552238806,73.13432835820896,-47
33.33333333333333,66.66666666666666,1046
18.181818181818183,95.45454545454545,446
15.384615384615385,84.61538461538461,459
100.0,100.0,2658
11.11111111111111,66.66666666666666,585
40.0,80.0,1103
41.66666666666667,83.33333333333334,577
25.0,75.0,861
100.0,100.0,2567
50.0,100.0,1253
28.703703703703702,88.88888888888889,174
33.33333333333333,66.66666666666666,946
0.0,100.0,825
0.0,100.0,2018
0.0,100.0,1641
0.0,100.0,2412
0.0,100.0,3951
75.0,100.0,712
26.759224039558767,88.45568657284139,17
28.455284552845526,85.36585365853658,170
23.507462686567166,89.17910447761194,79
22.988505747126435,90.80459770114942,209
42.857142857142854,80.95238095238095,-86
0.0,100.0,2786
0.0,100.0,2107
40.74074074074074,70.37037037037037,-82
28.57142857142857,57.14285714285714,-121
25.0,100.0,661
0.0,100.0,1346
0.0,100.0,1060
27.27272727272727,90.30303030303031,103
38.57142857142858,76.19047619047619,-36
23.28767123287671,89.04109589041096,236
27.27272727272727,92.42424242424242,253
30.0,90.0,675
0.0,83.33333333333334,989
0.0,100.0,738
0.0,100.0,9679
0.0,100.0,2240
0.0,100.0,1629
0.0,100.0,1484
100.0,100.0,1116
35.20686963309914,81.57689305230289,-16
50.0,100.0,2755
33.33333333333333,100.0,1250
23.728813559322035,96.61016949152543,276
28.57142857142857,71.42857142857143,509
66.66666666666666,100.0,592
0.0,100.0,1287
100.0,100.0,3137
0.0,100.0,3409
0.0,100.0,7112
0.0,100.0,10219
29.585798816568047,86.98224852071006,139
34.48275862068966,89.65517241379311,246
16.666666666666664,83.33333333333334,1190
46.15384615384615,75.64102564102564,-55
100.0,0.0,-178
0.0,100.0,1781
0.0,0.0,2635
0.0,100.0,7591
100.0,50.0,-170
0.0,0.0,1770
100.0,0.0,1888
0.0,100.0,3427
100.0,100.0,2803
100.0,100.0,6732
0.0,100.0,3025
28.57142857142857,91.07142857142857,242
33.33333333333333,87.87878787878788,226
0.0,100.0,1009
28.57142857142857,92.85714285714286,453
25.0,100.0,430
0.0,100.0,977
60.0,100.0,726
14.285714285714285,85.71428571428571,817
100.0,100.0,13134
0.0,0.0,4892
0.0,100.0,5896
26.20545073375262,88.78406708595388,41
25.0,50.0,907
0.0,100.0,1114
0.0,100.0,1783
50.0,50.0,1695
37.5,75.0,499
33.33333333333333,100.0,1085
100.0,100.0,1716
0.0,100.0,5484
0.0,100.0,8166
100.0,100.0,5834
100.0,100.0,1689
0.0,100.0,3953
0.0,100.0,2556
0.0,0.0,-162
100.0,100.0,1574
33.33333333333333,100.0,1273
100.0,0.0,-238
25.43478260869565,89.13043478260869,88
27.478862413528056,87.2021521906226,33
16.9811320754717,90.56603773584906,257
26.761600785661678,88.26417873803094,28
25.925925925925924,90.74074074074075,248
25.925925925925924,96.29629629629629,405
25.882352941176475,88.23529411764706,208
41.66666666666667,83.33333333333334,519
25.0,83.33333333333334,384
0.0,100.0,1673
0.0,100.0,14312
100.0,100.0,4630
0.0,100.0,1807
0.0,100.0,-183
50.0,100.0,-164
0.0,0.0,2704
25.423728813559322,87.00564971751412,138
29.411764705882355,91.17647058823529,207
9.090909090909092,90.9090909090909,498
38.46153846153847,100.0,511
22.22222222222222,77.77777777777779,671
37.5,75.0,637
50.0,100.0,866
100.0,100.0,1576
0.0,100.0,1358
100.0,100.0,1683
0.0,100.0,2318
0.0,100.0,4772
50.0,50.0,-200
0.0,100.0,6164
26.82926829268293,87.8048780487805,304
28.57142857142857,85.71428571428571,462
23.076923076923077,90.38461538461539,235
10.0,100.0,1206
33.33333333333333,100.0,649
12.5,62.5,-115
28.888888888888886,93.33333333333333,307
66.66666666666666,66.66666666666666,865
25.0,100.0,813
16.666666666666664,100.0,769
50.0,100.0,1855
0.0,100.0,1948
100.0,100.0,833
36.23046875,78.90625,-18
32.06751054852321,89.45147679324894,114
13.333333333333334,66.66666666666666,434
33.33333333333333,83.33333333333334,678
16.666666666666664,100.0,928
14.285714285714285,85.71428571428571,599
33.33333333333333,77.77777777777779,742
50.0,50.0,1425
0.0,100.0,2234
50.0,75.0,646
0.0,100.0,1963
0.0,100.0,2852
0.0,100.0,714
0.0,100.0,6823
66.66666666666666,33.33333333333333,-123
100.0,100.0,5755
27.450290568889585,87.4286607771089,5
100.0,100.0,1700
50.0,83.33333333333334,794
0.0,0.0,-215
16.666666666666664,100.0,900
50.0,100.0,1083
33.33333333333333,66.66666666666666,1331
100.0,100.0,2134
100.0,100.0,1363
27.044832717323473,87.27156777365582,1
25.0,90.625,319
20.0,93.33333333333333,404
12.5,100.0,896
50.0,66.66666666666666,-110
35.714285714285715,85.71428571428571,539
75.0,100.0,1071
0.0,0.0,3542
0.0,100.0,1040
0.0,100.0,1583
0.0,0.0,5559
40.0,100.0,1118
33.33333333333333,66.66666666666666,901
0.0,100.0,-371
100.0,100.0,6966
0.0,100.0,1875
22.348484848484848,85.98484848484848,115
35.483870967741936,80.21505376344086,-19
29.37062937062937,88.81118881118881,153
33.33333333333333,100.0,2437
0.0,100.0,2959
37.5,87.5,718
0.0,100.0,1074
0.0,100.0,2925
100.0,100.0,1953
0.0,100.0,1562
0.0,100.0,3641
0.0,100.0,3361
0.0,100.0,3984
35.53530751708428,79.49886104783599,-27
25.125628140703515,86.4321608040201,96
25.0,90.0,377
17.91044776119403,91.04477611940298,250
50.0,50.0,3314
0.0,66.66666666666666,1163
66.66666666666666,66.66666666666666,-147
0.0,100.0,743
100.0,0.0,2413
0.0,100.0,1367
50.0,100.0,929
50.0,100.0,1685
0.0,100.0,-262
0.0,100.0,1136
100.0,100.0,2086
0.0,100.0,3143
33.33333333333333,100.0,859
0.0,100.0,4372
50.0,100.0,1787
0.0,100.0,2534
0.0,100.0,2802
31.874633287698025,81.68394289067083,-2
0.0,100.0,1126
20.930232558139537,90.69767441860465,328
40.0,100.0,849
0.0,100.0,1130
0.0,100.0,890
25.0,100.0,1790
0.0,100.0,1560
100.0,100.0,3150
0.0,100.0,1446
0.0,100.0,1726
100.0,100.0,1534
0.0,100.0,1115
0.0,100.0,2396
0.0,100.0,2747
40.0,85.0,375
27.77777777777778,80.55555555555556,349
0.0,66.66666666666666,1054
31.775700934579437,81.30841121495327,185
0.0,50.0,-173
100.0,100.0,2366
50.0,100.0,632
0.0,100.0,3130
0.0,100.0,3060
100.0,100.0,1838
0.0,100.0,-146
25.581395348837212,90.03322259136213,104
0.0,100.0,1075
50.0,50.0,1151
32.3943661971831,84.50704225352112,219
33.33333333333333,100.0,623
30.0,95.0,515
12.903225806451612,87.09677419354838,368
33.33333333333333,100.0,1388
50.0,100.0,944
0.0,100.0,1436
50.0,100.0,834
100.0,100.0,9544
0.0,100.0,978
26.865671641791046,89.55223880597015,214
100.0,100.0,1536
31.25,93.75,461
30.434782608695656,91.30434782608695,449
45.45454545454545,72.72727272727273,538
25.0,75.0,-151
33.33333333333333,66.66666666666666,719
100.0,100.0,2231
33.33333333333333,100.0,1493
50.0,100.0,-182
0.0,100.0,1622
0.0,100.0,2322
100.0,100.0,1284
0.0,0.0,1024
20.0,80.0,419
31.944444444444443,86.11111111111111,252
0.0,100.0,593
50.0,100.0,556
0.0,100.0,1266
60.0,100.0,874
0.0,100.0,1647
0.0,66.66666666666666,-163
100.0,100.0,1475
0.0,100.0,2779
50.0,100.0,818
0.0,0.0,1208
50.0,50.0,816
0.0,100.0,3456
26.87017147164123,87.97814207650273,10
17.391304347826086,100.0,423
26.41509433962264,90.9433962264151,120
0.0,100.0,836
25.0,75.0,-97
0.0,100.0,1037
35.294117647058826,82.35294117647058,500
33.33333333333333,100.0,748
29.411764705882355,82.35294117647058,485
100.0,100.0,1278
66.66666666666666,100.0,945
0.0,100.0,1433
33.33333333333333,100.0,806
0.0,100.0,3019
0.0,100.0,5857
50.0,100.0,1087
26.41509433962264,89.62264150943396,89
23.52941176470588,82.35294117647058,521
11.11111111111111,100.0,550
20.0,20.0,-131
100.0,100.0,2831
0.0,0.0,3543
19.230769230769234,84.61538461538461,361
27.27272727272727,72.72727272727273,644
0.0,100.0,2369
50.0,100.0,1045
100.0,100.0,2357
24.137931034482758,89.65517241379311,364
28.57142857142857,100.0,452
23.52941176470588,94.11764705882352,537
25.0,75.0,501
14.285714285714285,100.0,870
100.0,0.0,1779
100.0,0.0,2238
0.0,0.0,2646
25.0,75.0,1588
50.0,50.0,1449
0.0,100.0,923
0.0,100.0,1066
0.0,100.0,1928
21.428571428571427,78.57142857142857,403
29.629629629629626,88.88888888888889,356
28.57142857142857,100.0,741
0.0,100.0,5309
33.33333333333333,100.0,1000
30.76923076923077,84.61538461538461,490
0.0,100.0,2010
0.0,100.0,2840
25.0,75.0,784
0.0,100.0,975
40.0,100.0,871
100.0,100.0,4805
100.0,0.0,-140
0.0,100.0,1864
0.0,100.0,1944
0.0,100.0,1517
0.0,100.0,3567
0.0,100.0,6540
0.0,100.0,1822
26.53061224489796,89.79591836734694,128
22.22222222222222,92.5925925925926,197
25.0,100.0,464
50.0,100.0,911
0.0,0.0,3226
18.75,87.5,497
0.0,100.0,4356
0.0,100.0,1239
66.66666666666666,33.33333333333333,838
0.0,100.0,6747
50.0,100.0,1926
0.0,100.0,2663
100.0,100.0,1112
66.66666666666666,100.0,1512
0.0,100.0,1322
100.0,0.0,-177
0.0,100.0,697
25.26997840172786,87.90496760259178,85
22.983870967741936,87.90322580645162,111
28.327645051194537,89.76109215017065,106
0.0,100.0,867
54.54545454545454,90.9090909090909,575
29.629629629629626,92.5925925925926,332
0.0,75.0,1310
50.0,100.0,1228
66.66666666666666,100.0,815
25.0,100.0,735
0.0,100.0,1456
0.0,100.0,2367
0.0,100.0,6158
0.0,100.0,411
37.170263788968825,82.25419664268586,-28
20.833333333333336,75.0,-84
20.0,100.0,548
17.647058823529413,82.35294117647058,301
66.66666666666666,66.66666666666666,903
50.0,100.0,1804
0.0,100.0,1809
0.0,100.0,5886
40.0,60.0,-124
100.0,100.0,2951
0.0,100.0,3831
32.6530612244898,88.77551020408163,177
66.66666666666666,100.0,1231
0.0,100.0,1734
0.0,100.0,1435
0.0,100.0,1643
34.95575221238938,78.05309734513274,-17
66.66666666666666,100.0,950
23.52941176470588,100.0,460
50.0,75.0,-81
0.0,100.0,1879
25.0,100.0,797
0.0,100.0,3421
0.0,100.0,2006
100.0,100.0,1832
100.0,100.0,2298
0.0,100.0,1876
0.0,100.0,4622
100.0,100.0,4271
28.947368421052634,89.47368421052632,179
38.095238095238095,85.71428571428571,306
40.67796610169492,72.88135593220339,-46
14.285714285714285,92.85714285714286,441
50.0,100.0,1023
0.0,100.0,1424
33.33333333333333,100.0,1222
20.0,86.66666666666667,448
42.857142857142854,100.0,563
0.0,100.0,659
14.285714285714285,100.0,557
50.0,100.0,-160
0.0,100.0,1237
0.0,100.0,2253
26.639344262295083,87.70491803278688,67
26.506899055918666,89.03413217138707,48
33.33333333333333,100.0,953
7.352941176470589,98.52941176470588,224
100.0,100.0,2353
0.0,83.33333333333334,755
27.77777777777778,83.33333333333334,517
40.0,90.0,673
0.0,100.0,2256
100.0,100.0,3115
23.4375,92.1875,168
18.181818181818183,81.81818181818183,324
21.55688622754491,85.02994011976048,142
33.33333333333333,100.0,761
25.862068965517242,91.37931034482759,254
28.57142857142857,78.57142857142857,481
0.0,100.0,4385
50.0,100.0,1295
50.0,100.0,2205
0.0,100.0,927
0.0,100.0,1187
25.0,100.0,1400
100.0,0.0,8047
50.0,83.33333333333334,749
0.0,100.0,1314
0.0,100.0,5615
0.0,100.0,2559
0.0,100.0,5679
100.0,100.0,5753
0.0,100.0,4752
26.68711656441718,90.79754601226993,100
26.31578947368421,91.22807017543859,247
0.0,90.9090909090909,528
0.0,100.0,1617
18.75,87.5,467
0.0,100.0,2664
0.0,100.0,992
0.0,0.0,2912
0.0,100.0,2608
28.95622895622896,86.53198653198653,105
27.053140096618357,89.3719806763285,131
22.22222222222222,92.5925925925926,318
100.0,0.0,1970
33.33333333333333,77.77777777777779,581
0.0,100.0,2347
0.0,100.0,2221
0.0,50.0,850
50.0,75.0,1172
0.0,100.0,5286
100.0,100.0,1013
0.0,100.0,2072
0.0,100.0,2115
19.047619047619047,90.47619047619048,451
19.444444444444446,88.88888888888889,294
40.0,60.0,993
40.0,93.33333333333333,654
40.0,100.0,800
100.0,100.0,2070
0.0,100.0,3135
0.0,100.0,5088
100.0,0.0,2410
33.33333333333333,100.0,1406
0.0,100.0,4248
0.0,100.0,1765
23.809523809523807,90.47619047619048,108
23.333333333333332,90.0,333
20.689655172413794,89.65517241379311,339
21.428571428571427,81.42857142857143,218
66.66666666666666,100.0,1047
40.0,100.0,934
100.0,100.0,1736
0.0,100.0,1137
66.66666666666666,83.33333333333334,1079
0.0,100.0,3089
0.0,100.0,2547
0.0,100.0,3211
0.0,100.0,5160
25.015290519877674,89.17431192660551,44
26.666666666666668,93.33333333333333,309
27.586206896551722,94.08866995073892,132
25.0,91.66666666666666,471
22.22222222222222,92.5925925925926,392
0.0,100.0,5574
100.0,100.0,1068
28.57142857142857,71.42857142857143,540
14.285714285714285,85.71428571428571,611
0.0,100.0,2604
75.0,100.0,947
0.0,100.0,1488
50.0,50.0,-176
0.0,100.0,3153
16.666666666666664,83.33333333333334,804
100.0,100.0,2443
33.33333333333333,100.0,1332
0.0,100.0,1793
30.456852791878177,90.86294416243655,127
21.844660194174757,86.40776699029125,123
25.64102564102564,84.61538461538461,345
44.44444444444444,88.88888888888889,552
33.33333333333333,100.0,1011
61.53846153846154,38.46153846153847,-103
50.0,100.0,1815
22.22222222222222,100.0,683
0.0,100.0,1657
20.0,80.0,951
0.0,100.0,746
0.0,100.0,641
0.0,100.0,1007
0.0,100.0,1486
0.0,100.0,1357
0.0,100.0,2642
0.0,100.0,1410
0.0,100.0,3229
34.146341463414636,90.2439024390244,210
0.0,100.0,1555
18.181818181818183,72.72727272727273,590
25.0,100.0,1117
0.0,100.0,1255
0.0,100.0,3454
34.02061855670103,81.44329896907216,-38
32.22222222222222,84.44444444444444,205
33.33333333333333,100.0,731
0.0,100.0,1569
0.0,75.0,994
0.0,100.0,1998
100.0,100.0,2265
0.0,100.0,6011
23.943661971830984,84.50704225352112,225
100.0,100.0,1577
16.666666666666664,66.66666666666666,682
21.428571428571427,100.0,559
36.11111111111111,94.44444444444444,352
19.444444444444446,100.0,323
0.0,100.0,1244
100.0,100.0,1678
66.66666666666666,100.0,2052
0.0,100.0,981
0.0,100.0,1688
50.0,100.0,1627
0.0,100.0,2199
100.0,100.0,4393
100.0,0.0,1308
0.0,100.0,2013
0.0,100.0,7066
31.506849315068493,87.67123287671232,220
34.367999999999995,80.208,-6
25.0,75.0,688
23.809523809523807,95.23809523809523,249
33.33333333333333,66.66666666666666,-122
17.391304347826086,95.65217391304348,383
39.130434782608695,100.0,381
100.0,0.0,3119
0.0,100.0,1354
33.33333333333333,100.0,1155
16.666666666666664,83.33333333333334,795
16.666666666666664,100.0,819
0.0,100.0,1084
75.0,50.0,822
25.0,75.0,762
0.0,100.0,1959
27.160493827160494,88.21548821548821,61
26.08695652173913,86.95652173913044,303
20.0,80.0,1309
0.0,100.0,2732
0.0,100.0,1813
100.0,100.0,1812
0.0,100.0,2980
40.0,100.0,1348
34.166666666666664,69.16666666666667,-48
100.0,0.0,995
16.666666666666664,100.0,777
42.10526315789473,73.68421052631578,-57
24.0,92.0,379
50.0,100.0,1207
33.33333333333333,100.0,988
100.0,100.0,5301
63.63636363636363,72.72727272727273,-114
0.0,100.0,940
0.0,100.0,2335
0.0,100.0,6556
0.0,100.0,3357
0.0,100.0,1005
33.33333333333333,100.0,535
0.0,33.33333333333333,580
0.0,100.0,2877
18.181818181818183,100.0,567
0.0,100.0,4663
0.0,100.0,4969
50.0,100.0,5914
100.0,100.0,3057
33.33333333333333,100.0,1745
0.0,100.0,3803
50.0,100.0,1432
0.0,100.0,4727
25.0,90.0,440
30.0,87.77777777777777,213
40.27149321266968,80.09049773755656,-39
27.083333333333332,90.625,192
28.57142857142857,92.85714285714286,454
20.689655172413794,96.55172413793103,337
0.0,100.0,2224
42.857142857142854,85.71428571428571,473
25.0,87.5,573
33.33333333333333,66.66666666666666,653
0.0,100.0,921
0.0,0.0,3753
66.66666666666666,66.66666666666666,1264
0.0,100.0,1192
100.0,100.0,2536
0.0,100.0,1976
23.357664233576642,89.05109489051095,156
100.0,100.0,1524
33.33333333333333,66.66666666666666,1107
0.0,100.0,3041
0.0,100.0,1122
0.0,100.0,6257
50.0,100.0,1691
0.0,0.0,1984
0.0,50.0,1146
50.0,50.0,1271
100.0,100.0,8753
0.0,0.0,841
100.0,100.0,2325
0.0,100.0,1153
6.666666666666667,86.66666666666667,587
33.33333333333333,83.33333333333334,628
55.55555555555556,94.44444444444444,429
39.02439024390244,70.73170731707317,-68
12.5,87.5,846
14.285714285714285,71.42857142857143,636
0.0,100.0,1340
26.47058823529412,88.23529411764706,160
21.27659574468085,95.74468085106383,283
20.0,100.0,957
20.0,80.0,941
100.0,0.0,3392
0.0,100.0,1743
25.0,75.0,715
100.0,100.0,1572
0.0,100.0,11919
0.0,100.0,5761
0.0,100.0,3112
0.0,100.0,1254
27.00125223198757,87.72754678477843,3
50.0,100.0,1662
0.0,100.0,1227
35.0,70.0,435
45.45454545454545,90.9090909090909,576
20.0,100.0,979
33.33333333333333,83.33333333333334,863
0.0,100.0,2024
50.0,100.0,1451
0.0,100.0,2100
0.0,100.0,982
33.33333333333333,85.71428571428571,382
23.943661971830984,87.32394366197182,206
33.33333333333333,88.88888888888889,478
31.25,75.0,482
30.0,90.0,618
0.0,100.0,7232
0.0,66.66666666666666,-188
0.0,100.0,3546
0.0,100.0,10085
100.0,100.0,2202
27.386609071274297,87.90496760259178,37
13.043478260869565,86.95652173913044,431
25.538461538461537,88.92307692307693,101
17.647058823529413,91.17647058823529,292
50.0,100.0,776
0.0,50.0,1372
0.0,0.0,1465
0.0,100.0,2359
0.0,100.0,3010
50.0,50.0,-267
0.0,100.0,1931
0.0,100.0,5261
0.0,0.0,2004
0.0,100.0,9398
36.17654351599306,80.46119514009422,-8
35.670731707317074,80.67073170731707,-14
46.666666666666664,66.66666666666666,-106
25.982532751091703,89.08296943231441,83
23.076923076923077,92.3076923076923,362
100.0,100.0,3690
100.0,100.0,2333
0.0,100.0,3180
0.0,100.0,1265
100.0,0.0,2323
0.0,100.0,2351
0.0,100.0,1430
0.0,0.0,4038
0.0,100.0,1580
43.79562043795621,72.26277372262774,-44
61.53846153846154,76.92307692307693,491
10.0,100.0,919
25.0,100.0,905
41.66666666666667,75.0,-63
37.5,65.625,-73
50.0,100.0,1189
100.0,100.0,1366
0.0,100.0,2003
0.0,100.0,2120
0.0,100.0,2809
0.0,100.0,3691
0.0,100.0,1820
27.014292445421706,87.46662478404272,12
38.91050583657588,78.59922178988327,-33
24.390243902439025,92.6829268292683,200
16.666666666666664,100.0,655
26.08695652173913,100.0,355
23.076923076923077,92.3076923076923,295
0.0,100.0,2571
100.0,100.0,2858
33.33333333333333,100.0,1044
0.0,100.0,952
0.0,100.0,1803
0.0,100.0,8172
100.0,100.0,2102
0.0,100.0,4880
0.0,100.0,2306
28.488372093023255,84.88372093023256,141
40.0,100.0,942
50.0,83.33333333333334,826
0.0,100.0,879
0.0,100.0,543
31.428571428571427,85.71428571428571,288
0.0,100.0,3185
100.0,100.0,1201
0.0,100.0,1672
0.0,100.0,2654
100.0,100.0,4875
0.0,100.0,2952
33.33333333333333,100.0,855
100.0,100.0,3523
0.0,100.0,1296
0.0,100.0,1747
28.477443609022558,88.43984962406014,55
50.0,100.0,922
33.33333333333333,92.5925925925926,373
15.384615384615385,92.3076923076923,614
100.0,100.0,1397
20.0,100.0,943
23.076923076923077,92.3076923076923,544
33.33333333333333,33.33333333333333,1464
0.0,100.0,1538
0.0,100.0,1056
100.0,100.0,2142
23.82608695652174,88.52173913043478,74
29.03225806451613,80.64516129032258,-72
25.0,87.5,872
17.5,92.5,322
35.714285714285715,90.47619047619048,280
50.0,100.0,1102
33.33333333333333,79.16666666666666,390
0.0,100.0,3086
25.0,75.0,664
8.333333333333332,100.0,492
50.0,100.0,2002
0.0,100.0,893
0.0,100.0,2045
0.0,100.0,2515
0.0,66.66666666666666,-156
0.0,100.0,1584
0.0,100.0,7355
0.0,100.0,996
100.0,0.0,3515
0.0,100.0,1378
27.223183614432937,87.75989875248598,8
22.0536756126021,91.48191365227538,62
22.89156626506024,90.36144578313254,182
16.666666666666664,100.0,668
18.75,84.375,334
25.0,100.0,1062
28.57142857142857,85.71428571428571,658
33.33333333333333,100.0,512
0.0,100.0,3483
50.0,50.0,1245
0.0,100.0,1143
0.0,100.0,2532
0.0,100.0,1261
0.0,100.0,3134
0.0,100.0,4313
0.0,100.0,1910
16.666666666666664,83.33333333333334,1225
33.33333333333333,100.0,1798
0.0,100.0,1355
33.33333333333333,100.0,1120
0.0,100.0,2990
0.0,100.0,7447
33.33333333333333,100.0,1058
0.0,100.0,5591
66.66666666666666,100.0,1664
0.0,100.0,11499
100.0,100.0,2682
0.0,100.0,2539
19.801980198019802,88.11881188118812,186
50.0,100.0,1398
0.0,100.0,1113
0.0,100.0,1096
0.0,100.0,4468
0.0,100.0,1327
0.0,100.0,1345
50.0,100.0,-187
40.0,100.0,910
0.0,100.0,4346
36.11111111111111,88.88888888888889,331
100.0,100.0,1982
33.33333333333333,100.0,1468
0.0,100.0,1655
48.717948717948715,89.74358974358975,-70
0.0,100.0,710
100.0,100.0,2829
0.0,50.0,1186
0.0,100.0,3027
0.0,100.0,-212
33.33333333333333,100.0,1166
0.0,100.0,772
0.0,100.0,1522
0.0,100.0,1903
0.0,100.0,1154
0.0,0.0,1818
0.0,100.0,9538
39.62264150943396,76.41509433962264,-37
27.11864406779661,93.22033898305084,171
23.52941176470588,100.0,480
0.0,100.0,1518
0.0,100.0,906
7.6923076923076925,92.3076923076923,631
0.0,100.0,747
14.285714285714285,100.0,792
0.0,100.0,2690
100.0,100.0,1491
50.0,100.0,1510
27.204074464348437,87.4868282402529,11
22.52456538170824,87.45275888133031,49
0.0,100.0,4330
25.925925925925924,92.5925925925926,290
25.0,90.0,437
50.0,100.0,716
50.0,100.0,1291
42.857142857142854,100.0,775
50.0,50.0,514
45.45454545454545,90.9090909090909,591
0.0,100.0,803
50.0,50.0,1091
100.0,100.0,1703
0.0,100.0,1341
100.0,0.0,2133
0.0,0.0,4483
27.310606060606062,88.63636363636364,35
0.0,100.0,1725
20.0,100.0,1080
50.0,100.0,1125
20.0,100.0,560
33.33333333333333,91.66666666666666,639
0.0,100.0,1496
0.0,100.0,2104
0.0,100.0,5433
39.743589743589745,70.51282051282051,-54
17.391304347826086,82.6086956521739,371
0.0,100.0,1209
15.384615384615385,92.3076923076923,507
0.0,100.0,1339
33.33333333333333,100.0,1138
0.0,100.0,3203
0.0,50.0,2931
0.0,50.0,1034
0.0,100.0,4740
0.0,100.0,1393
0.0,100.0,2174
0.0,100.0,3228
0.0,100.0,1035
34.67898832684825,79.76653696498055,-12
13.725490196078432,92.15686274509804,260
29.32330827067669,82.70676691729322,166
16.666666666666664,100.0,740
26.666666666666668,86.66666666666667,468
33.33333333333333,100.0,1001
50.0,100.0,801
0.0,100.0,6958
100.0,100.0,2792
50.0,100.0,1018
66.66666666666666,100.0,753
0.0,100.0,1419
0.0,100.0,1648
0.0,100.0,1167
0.0,100.0,2089
0.0,100.0,3037
24.29718875502008,89.1566265060241,80
0.0,100.0,1402
0.0,100.0,807
53.84615384615385,92.3076923076923,-105
44.44444444444444,88.88888888888889,622
0.0,100.0,774
33.33333333333333,100.0,778
0.0,100.0,2423
0.0,100.0,1448
0.0,100.0,2254
0.0,100.0,6884
0.0,100.0,3097
100.0,0.0,3562
0.0,100.0,2761
33.51631594998475,80.07522618684558,-4
20.588235294117645,94.11764705882352,327
20.0,100.0,785
50.0,100.0,1179
50.0,50.0,1418
28.57142857142857,100.0,886
25.0,100.0,400
22.22222222222222,88.88888888888889,380
32.5,77.5,321
44.0,80.0,-87
25.0,100.0,829
0.0,100.0,1235
50.0,75.0,1171
50.0,83.33333333333334,750
0.0,100.0,-260
19.27710843373494,92.7710843373494,199
10.526315789473683,78.94736842105263,477
0.0,100.0,1335
33.33333333333333,66.66666666666666,1161
50.0,100.0,1364
25.0,50.0,-144
50.0,50.0,1337
0.0,100.0,3030
0.0,100.0,2344
100.0,0.0,6272
27.171267936561215,87.42060118719695,2
26.0,92.0,269
30.76923076923077,84.61538461538461,465
27.27272727272727,100.0,518
0.0,0.0,2145
0.0,100.0,2144
0.0,100.0,4721
100.0,100.0,4207
0.0,100.0,1589
0.0,100.0,1379
0.0,100.0,4814
0.0,100.0,1653
35.57491289198606,78.50174216027874,-10
26.495726495726498,89.62148962148963,66
19.047619047619047,95.23809523809523,432
27.142857142857142,86.42857142857143,154
21.428571428571427,95.23809523809523,265
41.0,84.0,-53
0.0,100.0,1303
100.0,100.0,1063
0.0,100.0,6052
0.0,100.0,-137
0.0,100.0,1802
28.57142857142857,100.0,508
0.0,100.0,657
20.0,86.66666666666667,520
50.0,100.0,-174
0.0,100.0,2727
0.0,0.0,-310
50.0,100.0,1306
50.0,100.0,884
100.0,0.0,8100
0.0,100.0,6161
0.0,100.0,4960
50.0,100.0,2067
100.0,100.0,1489
0.0,100.0,8344
25.0,88.33333333333333,244
18.84057971014493,89.85507246376811,162
12.0,88.0,344
41.935483870967744,77.41935483870968,-78
0.0,100.0,3931
57.14285714285714,85.71428571428571,954
27.27272727272727,81.81818181818183,615
0.0,83.33333333333334,1198
25.0,100.0,689
0.0,100.0,1709
25.0,100.0,869
33.33333333333333,100.0,1234
0.0,100.0,1593
0.0,100.0,7876
0.0,100.0,1399
0.0,100.0,967
0.0,100.0,1699
0.0,100.0,1752
25.0,90.0,433
21.428571428571427,85.71428571428571,428
6.25,87.5,525
18.181818181818183,100.0,553
0.0,100.0,2038
50.0,100.0,1438
50.0,100.0,1515
0.0,100.0,3281
37.22627737226277,75.91240875912408,-34
22.06896551724138,84.82758620689656,164
15.384615384615385,92.3076923076923,711
38.88888888888889,83.33333333333334,503
16.666666666666664,83.33333333333334,821
23.076923076923077,100.0,605
0.0,100.0,7621
0.0,100.0,1301
66.66666666666666,100.0,875
0.0,100.0,7572
44.44444444444444,77.77777777777779,-117
0.0,100.0,1076
0.0,100.0,3172
50.0,100.0,1350
0.0,100.0,2502
50.0,100.0,1528
0.0,100.0,2229
0.0,100.0,3929
0.0,100.0,1082
33.33333333333333,91.66666666666666,360
27.835051546391753,87.62886597938144,176
35.294117647058826,100.0,495
50.0,100.0,986
33.33333333333333,66.66666666666666,1356
50.0,100.0,2481
100.0,100.0,2031
100.0,100.0,1194
42.857142857142854,92.85714285714286,504
24.88888888888889,87.55555555555556,134
29.72972972972973,94.5945945945946,329
16.363636363636363,94.54545454545455,245
42.857142857142854,73.01587301587301,-62
50.0,100.0,732
45.45454545454545,100.0,536
20.0,80.0,645
100.0,100.0,1611
0.0,100.0,1590
33.33333333333333,66.66666666666666,971
0.0,50.0,1626
0.0,100.0,1596
50.0,100.0,1654
100.0,0.0,1859
0.0,100.0,1369
0.0,100.0,1344
0.0,100.0,3140
0.0,100.0,1081
26.923076923076923,96.15384615384616,422
12.5,95.83333333333334,359
39.130434782608695,69.56521739130434,-75
0.0,100.0,1097
0.0,100.0,2601
0.0,100.0,1027
14.285714285714285,85.71428571428571,634
0.0,100.0,1315
100.0,100.0,1751
0.0,100.0,1719
100.0,0.0,3815
50.0,100.0,2039
0.0,100.0,1635
0.0,0.0,3358
25.36231884057971,90.76086956521739,76
37.61467889908257,89.90825688073394,175
28.618421052631575,85.85526315789474,102
12.5,93.75,426
40.0,100.0,1204
0.0,100.0,1837
0.0,100.0,2866
100.0,0.0,1507
40.68627450980392,79.41176470588235,-40
25.0,100.0,991
57.14285714285714,57.14285714285714,-102
50.0,80.0,565
75.0,100.0,914
0.0,100.0,6224
40.0,100.0,606
0.0,100.0,2303
0.0,100.0,1182
0.0,100.0,2467
0.0,100.0,2607
0.0,100.0,1973
0.0,100.0,-319
66.66666666666666,100.0,892
21.91780821917808,89.04109589041096,233
31.25,93.75,506
12.5,75.0,729
42.857142857142854,100.0,684
16.666666666666664,100.0,745
100.0,100.0,3509
0.0,100.0,1203
100.0,100.0,3500
0.0,100.0,2393
0.0,100.0,2330
0.0,100.0,827
0.0,100.0,2320
27.424403081364897,87.31555884870397,4
29.545454545454547,91.91919191919192,92
30.0,93.33333333333333,391
23.333333333333332,89.16666666666667,163
30.88235294117647,94.11764705882352,230
20.0,100.0,549
33.33333333333333,100.0,1753
0.0,50.0,898
50.0,100.0,1088
50.0,83.33333333333334,727
0.0,100.0,2838
0.0,100.0,1714
0.0,100.0,4352
0.0,100.0,3066
0.0,100.0,2986
0.0,100.0,930
26.08695652173913,80.43478260869566,308
0.0,75.0,810
14.285714285714285,100.0,604
60.0,100.0,1095
50.0,100.0,-150
0.0,100.0,1221
33.33333333333333,100.0,1317
16.666666666666664,83.33333333333334,899
50.0,50.0,-148
50.0,100.0,842
50.0,100.0,1065
0.0,100.0,1962
0.0,0.0,3965
0.0,100.0,1847
25.97864768683274,91.10320284697508,118
40.0,100.0,524
50.0,66.66666666666666,-128
0.0,100.0,1863
0.0,66.66666666666666,1078
20.0,80.0,763
0.0,100.0,2136
33.33333333333333,100.0,805
100.0,100.0,1892
0.0,100.0,1681
26.837994156579807,87.80633235942997,13
20.454545454545457,90.9090909090909,272
25.0,87.5,687
66.66666666666666,83.33333333333334,-153
22.22222222222222,100.0,568
0.0,100.0,1861
33.33333333333333,33.33333333333333,1160
0.0,100.0,916
66.66666666666666,100.0,765
0.0,100.0,3321
66.66666666666666,100.0,1455
100.0,100.0,5071
0.0,0.0,3716
32.5,92.5,305
16.666666666666664,66.66666666666666,652
0.0,100.0,1272
0.0,100.0,1600
0.0,100.0,1479
0.0,100.0,2188
0.0,100.0,5012
100.0,100.0,3231
100.0,100.0,10750
0.0,0.0,2141
0.0,100.0,4600
24.857142857142858,89.18367346938776,36
27.640845070422536,90.49295774647888,75
0.0,100.0,1971
17.391304347826086,91.30434782608695,302
37.5,87.5,603
0.0,100.0,2252
20.0,100.0,722
0.0,100.0,2678
25.0,75.0,984
0.0,100.0,1667
100.0,100.0,1913
0.0,100.0,2035
0.0,100.0,6697
0.0,100.0,2034
37.073170731707314,79.02439024390245,-23
25.0,92.85714285714286,172
30.0,90.0,613
0.0,100.0,2237
50.0,100.0,-171
0.0,100.0,3350
0.0,0.0,2447
0.0,100.0,2633
100.0,100.0,1053
0.0,100.0,2264
100.0,100.0,3227
25.146198830409354,87.91423001949317,78
12.5,95.83333333333334,408
19.230769230769234,88.46153846153845,314
100.0,100.0,1324
25.0,0.0,-142
16.666666666666664,83.33333333333334,924
50.0,100.0,-236
50.0,100.0,973
100.0,100.0,5979
33.33333333333333,33.33333333333333,1101
66.66666666666666,66.66666666666666,2776
50.0,100.0,1462
0.0,100.0,5819
0.0,100.0,1173
18.181818181818183,81.81818181818183,579
44.827586206896555,89.65517241379311,-83
0.0,100.0,2494
0.0,100.0,5657
0.0,100.0,2385
0.0,100.0,780
100.0,100.0,2897
0.0,100.0,4137
42.12328767123288,75.34246575342466,-32
0.0,83.33333333333334,672
50.0,50.0,2020
0.0,33.33333333333333,955
0.0,0.0,2093
100.0,100.0,2469
0.0,100.0,6036
100.0,100.0,3675
0.0,100.0,904
0.0,100.0,1020
100.0,100.0,2208
0.0,100.0,2230
100.0,100.0,7954
27.244615056515247,87.4813393047558,18
27.510917030567683,89.51965065502183,125
26.94610778443114,88.02395209580838,140
50.0,100.0,2343
42.857142857142854,85.71428571428571,410
30.612244897959183,87.75510204081633,298
36.36363636363637,81.81818181818183,533
28.57142857142857,100.0,679
50.0,50.0,1416
100.0,50.0,-165
0.0,0.0,3402
50.0,100.0,-243
33.33333333333333,100.0,1015
100.0,0.0,1995
0.0,100.0,3271
18.51851851851852,77.77777777777779,289
100.0,100.0,1615
50.0,100.0,607
100.0,50.0,-186
0.0,100.0,3138
50.0,50.0,1290
0.0,100.0,2409
0.0,100.0,983
0.0,100.0,1129
0.0,100.0,2386
0.0,50.0,1300
100.0,100.0,-189
0.0,66.66666666666666,1156
0.0,100.0,6570
0.0,100.0,2005
0.0,100.0,2109
0.0,100.0,7176
36.95652173913043,82.6086956521739,-51
83.33333333333334,50.0,-126
52.27272727272727,72.72727272727273,-59
25.0,100.0,1070
0.0,100.0,1552
0.0,100.0,1036
50.0,66.66666666666666,670
0.0,100.0,2872
0.0,100.0,2823
27.175572519083968,87.17557251908397,69
0.0,100.0,1628
50.0,50.0,-157
25.0,87.5,475
0.0,100.0,1148
33.33333333333333,100.0,913
0.0,100.0,1086
0.0,100.0,9428
0.0,100.0,1791
0.0,100.0,1575
0.0,100.0,1750
0.0,100.0,1646
26.849894291754755,87.96971970265294,14
20.0,80.0,374
20.0,100.0,681
0.0,66.66666666666666,1318
0.0,100.0,4181
0.0,100.0,5663
0.0,33.33333333333333,1162
0.0,100.0,1705
33.33333333333333,100.0,1014
0.0,100.0,7366
0.0,100.0,5362
0.0,100.0,1123
0.0,100.0,860
0.0,100.0,4280
100.0,100.0,8185
33.33333333333333,66.66666666666666,1509
44.44444444444444,88.88888888888889,594
0.0,100.0,15014
0.0,100.0,1359
0.0,100.0,2867
14.285714285714285,100.0,935
0.0,100.0,1865
0.0,100.0,4916
0.0,50.0,2217
0.0,100.0,3527
0.0,100.0,3718
0.0,83.33333333333334,733
66.66666666666666,100.0,-161
100.0,100.0,-196
0.0,100.0,2166
0.0,100.0,4065
100.0,100.0,1649
0.0,100.0,4849
25.0,91.66666666666666,216
25.53191489361702,85.1063829787234,286
16.666666666666664,91.66666666666666,598
66.66666666666666,100.0,767
0.0,100.0,1109
33.33333333333333,83.33333333333334,864
100.0,0.0,3525
33.33333333333333,66.66666666666666,1304
100.0,0.0,1311
33.33333333333333,100.0,840
0.0,100.0,6245
0.0,100.0,1197
0.0,100.0,2689
0.0,100.0,1170
0.0,100.0,2780
0.0,0.0,5368
100.0,50.0,1869
0.0,100.0,3313
0.0,100.0,3978
11.11111111111111,88.88888888888889,583
14.285714285714285,100.0,782
33.33333333333333,83.33333333333334,791
0.0,100.0,5123
0.0,100.0,2504
50.0,100.0,999
0.0,100.0,3826
0.0,100.0,1735
100.0,100.0,1223
0.0,100.0,1932
0.0,100.0,4369
0.0,100.0,5399
0.0,100.0,2391
29.82456140350877,88.59649122807018,173
27.61904761904762,88.09523809523809,137
25.53191489361702,84.04255319148936,194
21.428571428571427,100.0,626
20.0,100.0,601
35.0,95.0,505
0.0,100.0,692
33.33333333333333,66.66666666666666,2521
0.0,100.0,3297
0.0,100.0,1563
0.0,100.0,3959
100.0,100.0,-152
0.0,100.0,2811
0.0,100.0,-226
27.049180327868854,87.96376186367559,21
23.618090452261306,88.44221105527639,135
23.076923076923077,90.76923076923077,238
0.0,100.0,881
11.11111111111111,100.0,809
0.0,100.0,1724
33.33333333333333,77.77777777777779,547
0.0,100.0,6926
25.0,62.5,-130
33.33333333333333,100.0,877
0.0,100.0,2599
0.0,100.0,2793
25.0,87.5,701
40.909090909090914,50.0,-85
0.0,100.0,4796
0.0,100.0,2337
0.0,100.0,3213
100.0,100.0,2292
16.666666666666664,66.66666666666666,-120
0.0,100.0,2249
0.0,100.0,1298
0.0,100.0,3867
0.0,100.0,1177
25.23461939520334,86.65276329509906,59
23.195876288659793,86.08247422680412,129
45.45454545454545,90.9090909090909,620
36.36363636363637,100.0,542
27.160493827160494,88.47736625514403,122
37.03703703703704,92.5925925925926,372
0.0,100.0,1907
0.0,100.0,7302
0.0,100.0,2105
100.0,100.0,8559
0.0,100.0,1144
0.0,100.0,1470
0.0,100.0,3116
36.36363636363637,54.54545454545454,651
39.130434782608695,86.95652173913044,335
66.66666666666666,100.0,1333
33.33333333333333,100.0,1169
0.0,100.0,3621
50.0,50.0,3254
50.0,100.0,2411
20.0,100.0,1093
14.285714285714285,85.71428571428571,759
0.0,100.0,2948
0.0,100.0,1352
50.0,100.0,960
50.0,50.0,-125
0.0,100.0,1401
11.76470588235294,88.23529411764706,310
66.66666666666666,100.0,1385
21.428571428571427,90.47619047619048,313
37.03703703703704,81.48148148148148,393
0.0,100.0,11478
29.411764705882355,88.23529411764706,493
66.66666666666666,33.33333333333333,-155
66.66666666666666,66.66666666666666,1686
100.0,100.0,4078
20.0,100.0,868
0.0,100.0,2827
25.0,50.0,985
16.666666666666664,83.33333333333334,627
50.0,50.0,1030
0.0,100.0,2736
0.0,100.0,5034
100.0,100.0,6946
27.025782688766114,88.15224063842848,15
26.07003891050584,92.02334630350194,81
27.131782945736433,89.92248062015504,165
33.95638629283489,81.15264797507788,-22
23.28767123287671,83.56164383561644,223
28.947368421052634,100.0,315
0.0,100.0,3694
0.0,100.0,1605
0.0,0.0,4428
20.0,100.0,878
66.66666666666666,100.0,1320
0.0,100.0,1881
100.0,100.0,1579
0.0,100.0,2053
100.0,100.0,1701
31.0,84.0,180
100.0,100.0,3649
29.03225806451613,91.39784946236558,195
13.636363636363635,90.9090909090909,438
20.0,90.0,811
50.0,83.33333333333334,648
28.57142857142857,95.23809523809523,436
33.33333333333333,66.66666666666666,1992
0.0,100.0,1417
100.0,100.0,2638
0.0,100.0,5849
0.0,100.0,1749
26.493747105141267,87.81843446039834,38
25.661914460285136,90.020366598778,82
28.57142857142857,42.857142857142854,-129
30.76923076923077,92.3076923076923,523
5.555555555555555,94.44444444444444,472
25.806451612903224,90.32258064516128,350
0.0,100.0,1871
25.0,100.0,695
0.0,100.0,609
0.0,100.0,1396
0.0,100.0,1500
0.0,100.0,1780
0.0,100.0,1220
0.0,100.0,7432
100.0,100.0,1630
22.60061919504644,88.85448916408669,97
25.806451612903224,90.32258064516128,351
40.0,100.0,470
41.46341463414634,75.60975609756098,-69
23.88888888888889,90.0,133
20.0,60.0,723
25.0,100.0,980
0.0,50.0,3625
100.0,100.0,8399
100.0,100.0,6539
0.0,100.0,2837
15.384615384615385,100.0,663
0.0,100.0,7588
0.0,100.0,3307
0.0,0.0,2597
0.0,100.0,4537
26.11607142857143,88.30915178571429,30
28.401360544217685,87.75510204081633,73
27.40174672489083,89.41048034934498,42
35.57046979865772,81.87919463087249,-43
27.607361963190186,91.41104294478528,151
0.0,100.0,-132
0.0,83.33333333333334,708
0.0,100.0,3224
30.76923076923077,69.23076923076923,401
50.0,100.0,2751
33.33333333333333,100.0,895
25.0,100.0,582
50.0,100.0,1028
100.0,100.0,2161
100.0,100.0,2189
25.0,75.0,1180
0.0,100.0,1746
0.0,100.0,2888
0.0,100.0,1382
29.47103274559194,89.67254408060454,90
13.043478260869565,91.30434782608695,256
28.767123287671232,86.98630136986301,159
20.0,80.0,690
0.0,100.0,1852
10.0,90.0,709
0.0,100.0,2770
9.090909090909092,90.9090909090909,457
42.857142857142854,100.0,851
0.0,100.0,1276
0.0,100.0,2381
0.0,100.0,3966
0.0,100.0,2721
100.0,100.0,5772
34.61538461538461,96.15384615384616,338
25.0,100.0,771
28.205128205128204,87.17948717948718,312
16.666666666666664,100.0,643
34.69387755102041,85.71428571428571,-64
20.833333333333336,91.66666666666666,445
25.0,75.0,680
27.27272727272727,90.9090909090909,425
0.0,100.0,1029
0.0,100.0,1104
0.0,100.0,685
0.0,100.0,1389
0.0,100.0,4466
33.33333333333333,100.0,1377
0.0,100.0,1193
20.0,88.88888888888889,297
20.0,80.0,812
11.11111111111111,88.88888888888889,597
0.0,100.0,674
0.0,100.0,1043
66.66666666666666,100.0,1848
20.0,100.0,1421
100.0,100.0,2657
0.0,100.0,1763
0.0,100.0,764
0.0,100.0,2055
0.0,100.0,3055
0.0,0.0,2274
26.0801665799063,88.28735033836543,23
31.6,88.0,117
26.31578947368421,87.71929824561403,291
20.0,80.0,783
0.0,100.0,1229
0.0,0.0,2713
100.0,100.0,-206
0.0,100.0,1019
0.0,100.0,4246
27.160493827160494,88.88888888888889,121
100.0,100.0,1828
0.0,100.0,1176
12.5,87.5,824
0.0,100.0,1285
0.0,100.0,6869
0.0,100.0,2465
100.0,100.0,3755
28.316831683168314,89.24092409240924,46
34.626354820308045,79.00741585852825,-9
37.06293706293706,78.32167832167832,-42
31.57894736842105,78.94736842105263,409
35.8974358974359,83.33333333333334,-56
27.77777777777778,91.66666666666666,217
50.0,100.0,1414
0.0,66.66666666666666,1841
33.33333333333333,91.66666666666666,284
27.27272727272727,90.9090909090909,358
0.0,100.0,494
50.0,100.0,987
100.0,0.0,1008
0.0,100.0,2781
26.490687391129576,87.8869087498325,20
26.156069364161848,89.16184971098265,70
59.45945945945946,62.16216216216216,-74
50.0,100.0,1383
0.0,90.9090909090909,479
0.0,100.0,3461
0.0,100.0,2512
50.0,50.0,-225
0.0,0.0,5359
0.0,100.0,1215
100.0,100.0,1874
42.857142857142854,100.0,848
0.0,100.0,1459
0.0,100.0,5522
0.0,100.0,1422
0.0,100.0,1680
0.0,100.0,1759
0.0,100.0,2057
100.0,0.0,1525
33.33333333333333,100.0,1168
25.0,100.0,781
28.57142857142857,85.71428571428571,300
50.0,100.0,-92
50.0,100.0,1901
100.0,100.0,-230
0.0,100.0,1004
25.0,75.0,1133
50.0,83.33333333333334,616
50.0,50.0,1178
100.0,100.0,1365
0.0,100.0,7649
0.0,100.0,2645
0.0,0.0,1993
37.19486967314853,79.06495655771619,-11
29.49438202247191,87.07865168539325,99
25.0,100.0,1181
0.0,75.0,937
30.0,90.0,617
50.0,90.0,510
20.0,80.0,799
44.44444444444444,100.0,630
17.647058823529413,88.23529411764706,444
50.0,100.0,976
30.0,80.0,676
0.0,100.0,-234
100.0,100.0,2065
100.0,100.0,2552
0.0,100.0,1792
0.0,100.0,1618
0.0,100.0,1989
17.391304347826086,91.30434782608695,387
21.794871794871796,89.74358974358975,231
0.0,100.0,2631
0.0,100.0,12374
13.333333333333334,73.33333333333333,-93
60.0,60.0,885
33.33333333333333,100.0,1140
0.0,100.0,3225
0.0,100.0,1349
100.0,100.0,2652
0.0,100.0,1916
0.0,100.0,4404
32.84132841328413,80.19680196801968,-20
21.238938053097346,89.38053097345133,86
29.605263157894733,89.80263157894737,109
14.285714285714285,92.85714285714286,640
25.0,93.75,354
40.0,93.33333333333333,483
22.22222222222222,77.77777777777779,-89
100.0,100.0,4054
0.0,100.0,4994
0.0,100.0,2651
100.0,0.0,1732
0.0,100.0,1313
0.0,100.0,3982
33.33333333333333,100.0,802
27.27272727272727,81.81818181818183,476
40.0,80.0,1131
100.0,100.0,-379
0.0,100.0,918
0.0,100.0,1637
0.0,100.0,660
0.0,100.0,2388
0.0,100.0,1564
0.0,100.0,2326
20.0,100.0,862
16.666666666666664,100.0,1006
0.0,0.0,2245
41.66666666666667,75.0,-113
60.0,80.0,-134
18.181818181818183,90.9090909090909,770
0.0,100.0,3128
0.0,100.0,2083
50.0,100.0,832
28.57142857142857,100.0,793
0.0,100.0,3279
24.45141065830721,87.46081504702194,60
40.0,90.0,545
16.853932584269664,91.01123595505618,189
100.0,100.0,1391
33.33333333333333,100.0,-167
50.0,100.0,1390
0.0,100.0,4687
0.0,100.0,2886
0.0,100.0,2156
0.0,50.0,1270
25.0,100.0,1094
25.0,100.0,1026
100.0,100.0,5654
0.0,100.0,3723
0.0,100.0,11252
0.0,100.0,2988
0.0,100.0,4607
26.31578947368421,86.8421052631579,311
36.70557717250324,77.95071335927368,-21
33.33333333333333,100.0,578
33.33333333333333,66.66666666666666,-99
75.0,100.0,798
26.666666666666668,93.33333333333333,534
50.0,100.0,1249
0.0,100.0,4269
0.0,100.0,873
100.0,100.0,2313
50.0,100.0,1676
50.0,50.0,1411
25.0,100.0,1684
33.33333333333333,66.66666666666666,1351
0.0,100.0,1293
33.33333333333333,100.0,-242
50.0,100.0,1195
0.0,100.0,1260
0.0,100.0,2524
27.01298701298701,89.0909090909091,93
38.38383838383838,78.11447811447812,-31
25.0,87.5,721
16.666666666666664,100.0,1111
16.666666666666664,100.0,569
16.666666666666664,83.33333333333334,633
25.0,87.5,566
16.666666666666664,83.33333333333334,969
0.0,100.0,8498
20.0,80.0,888
40.0,100.0,717
100.0,100.0,1581
0.0,100.0,3508
0.0,0.0,2408
25.737131434282855,89.60519740129935,40
18.478260869565215,94.56521739130434,204
18.75,89.0625,251
14.285714285714285,100.0,707
28.000000000000004,90.0,259
41.17647058823529,88.23529411764706,-94
29.03225806451613,87.09677419354838,366
0.0,100.0,1183
0.0,100.0,1477
20.0,100.0,666
0.0,100.0,9382
0.0,100.0,1503
100.0,100.0,-249
0.0,100.0,1106
17.647058823529413,92.15686274509804,285
22.641509433962266,92.45283018867924,282
0.0,100.0,1616
40.0,60.0,647
50.0,100.0,1702
0.0,100.0,1281
0.0,0.0,1492
100.0,100.0,2875
0.0,100.0,1604
0.0,100.0,-232
0.0,100.0,1539
0.0,100.0,1247
27.011494252873565,90.22988505747126,147
100.0,100.0,-207
0.0,100.0,1294
33.33333333333333,83.33333333333334,887
10.0,90.0,908
50.0,100.0,2267
25.0,75.0,-138
0.0,100.0,1495
0.0,66.66666666666666,1139
25.0,100.0,787
0.0,100.0,1184
0.0,100.0,3893
100.0,0.0,2479
21.21212121212121,87.87878787878788,183
27.27272727272727,72.72727272727273,571
16.666666666666664,91.66666666666666,527
25.0,100.0,1032
0.0,100.0,837
10.0,100.0,725
30.76923076923077,92.3076923076923,522
25.0,100.0,1142
0.0,100.0,1049
0.0,100.0,2049
0.0,100.0,728
0.0,100.0,5897
0.0,100.0,3639
100.0,0.0,-254
0.0,0.0,3765
27.450980392156865,92.15686274509804,263
66.66666666666666,66.66666666666666,1003
20.37037037037037,87.03703703703704,240
0.0,100.0,1057
33.33333333333333,88.88888888888889,396
25.0,100.0,1165
0.0,100.0,2048
0.0,100.0,1017
0.0,100.0,1262
0.0,0.0,4299
100.0,0.0,3479
26.872852233676976,88.33333333333333,16
27.250000000000004,89.875,64
0.0,75.0,1022
35.0,82.5,-66
50.0,50.0,2361
33.33333333333333,66.66666666666666,-184
0.0,100.0,2627
100.0,100.0,1442
33.33333333333333,100.0,917
0.0,100.0,5898
0.0,100.0,3265
100.0,100.0,-191
20.0,89.0909090909091,281
37.534246575342465,79.45205479452055,-29
25.0,86.11111111111111,336
0.0,100.0,1985
0.0,88.88888888888889,612
60.0,100.0,1039
0.0,100.0,839
0.0,0.0,-210
100.0,100.0,2342
25.0,100.0,698
0.0,100.0,3458
0.0,100.0,-216
25.925925925925924,91.66666666666666,91
27.692307692307693,87.6923076923077,267
24.675324675324674,92.20779220779221,152
26.666666666666668,90.0,357
14.285714285714285,100.0,667
16.129032258064516,93.54838709677419,317
54.54545454545454,81.81818181818183,-100
12.5,62.5,788
28.57142857142857,95.23809523809523,416
20.0,100.0,835
0.0,66.66666666666666,584
0.0,100.0,1990
0.0,100.0,5114
100.0,0.0,1692
0.0,100.0,3852
31.715262633605256,82.48929811808416,-1
33.33333333333333,100.0,1061
21.568627450980394,94.11764705882352,261
0.0,100.0,956
20.0,100.0,808
42.857142857142854,85.71428571428571,757
100.0,100.0,2603
34.78260869565217,95.65217391304348,398
0.0,100.0,2427
0.0,100.0,1067
0.0,100.0,2595
0.0,100.0,1645
26.923076923076923,88.46153846153845,-76
42.857142857142854,64.28571428571429,489
38.18181818181819,85.45454545454545,-67
48.148148148148145,81.48148148148148,-80
0.0,100.0,949
12.5,87.5,625
0.0,100.0,1288
0.0,100.0,2962
0.0,100.0,1439
100.0,100.0,1929
0.0,100.0,4774
100.0,100.0,9579
0.0,100.0,1819
100.0,100.0,2246
27.57640369580668,87.20682302771856,47
23.389232127096204,90.29126213592234,53
20.0,94.28571428571428,148
27.539936102236425,88.49840255591054,45
33.33333333333333,83.33333333333334,572
50.0,50.0,1851
33.33333333333333,100.0,669
23.333333333333332,86.66666666666667,394
13.333333333333334,86.66666666666667,531
0.0,100.0,972
20.0,100.0,619
100.0,100.0,1394
33.33333333333333,100.0,1159
0.0,100.0,1443
46.666666666666664,86.66666666666667,484
0.0,100.0,1755
0.0,100.0,7315
0.0,100.0,1748
27.73109243697479,94.11764705882352,169
25.0,100.0,1268
50.0,100.0,1243
0.0,100.0,3805
100.0,0.0,5144
0.0,66.66666666666666,751
0.0,100.0,1827
0.0,100.0,1286
33.33333333333333,66.66666666666666,3788
0.0,100.0,6536
0.0,0.0,1431
0.0,100.0,1384
33.223475725694,81.34110787172013,-5
25.49019607843137,92.15686274509804,273
12.5,100.0,758
0.0,100.0,-311
0.0,100.0,1158
0.0,100.0,1033
0.0,100.0,1511
0.0,100.0,9152
100.0,100.0,1494
0.0,100.0,1105
0.0,100.0,1656
0.0,100.0,4388
0.0,100.0,1205
27.135583631906467,88.59136337921932,24
33.33333333333333,100.0,1092
32.0,80.0,340
25.0,100.0,739
16.666666666666664,66.66666666666666,-139
38.88888888888889,88.88888888888889,458
0.0,100.0,2859
21.428571428571427,78.57142857142857,456
0.0,100.0,4822
0.0,100.0,1704
0.0,100.0,1214
0.0,100.0,1147
100.0,100.0,6490
0.0,100.0,5648
0.0,100.0,2121
0.0,100.0,2753
100.0,100.0,1325
36.17021276595745,82.97872340425532,-52
20.0,88.75,211
28.57142857142857,95.23809523809523,469
28.57142857142857,92.85714285714286,526
50.0,100.0,-127
0.0,100.0,2015
0.0,100.0,2782
0.0,100.0,4955
100.0,100.0,1587
