state,Positive,Negative,Difference
Alabama,23.61111111111111,89.20940170940172,-65.5982905982906
Alaska,26.32794457274827,86.14318706697459,-59.815242494226325
Arizona,26.060606060606062,87.87878787878788,-61.81818181818181
Arkansas,27.397260273972602,88.81278538812786,-61.41552511415526
California,26.99962448366504,87.32364143554531,-60.32401695188027
Colorado,26.7827868852459,87.827868852459,-61.04508196721311
Connecticut,27.6657060518732,86.55139289145053,-58.88568683957733
Delaware,16.363636363636363,90.0,-73.63636363636364
Florida,26.47665479092443,88.0930058128633,-61.61635102193887
Georgia,26.38479187151754,86.59455916093084,-60.20976728941331
Hawaii,26.729559748427672,90.56603773584906,-63.83647798742139
Idaho,27.333333333333332,89.11111111111111,-61.777777777777786
Illinois,26.627758526354185,87.48860113076783,-60.86084260441365
Indiana,26.31578947368421,90.93214965123653,-64.61636017755232
Iowa,24.907749077490777,86.90036900369003,-61.992619926199254
Kansas,24.576271186440678,87.47645951035781,-62.900188323917135
Kentucky,28.337236533957842,86.13583138173301,-57.79859484777517
Louisiana,23.504273504273502,91.02564102564102,-67.52136752136752
Maine,27.15894868585732,90.11264080100125,-62.95369211514392
Maryland,26.610978520286395,88.9618138424821,-62.35083532219571
Massachusetts,25.14177693761815,88.23251417769377,-63.090737240075626
Michigan,25.76247689463956,87.24584103512015,-61.48336414048059
Minnesota,25.523240010872524,87.55096493612395,-62.02772492525142
Mississippi,25.801011804384487,89.20741989881957,-63.40640809443508
Missouri,25.522159959246054,88.58889454915945,-63.066734589913395
Montana,27.873563218390807,86.7816091954023,-58.90804597701149
Nebraska,27.401129943502823,87.71186440677965,-60.31073446327683
Nevada,28.276573787409703,83.48813209494324,-55.21155830753354
New Hampshire,24.3436754176611,89.26014319809069,-64.91646778042958
New Jersey,27.022204599524187,87.6486915146709,-60.626486915146714
New Mexico,24.43324937027708,88.9168765743073,-64.48362720403021
New York,26.380766731643924,88.59649122807018,-62.215724496426255
North Carolina,27.058823529411764,87.10588235294118,-60.04705882352941
North Dakota,21.782178217821784,87.12871287128714,-65.34653465346535
Ohio,26.139616824487998,87.88813036776041,-61.74851354327241
Oklahoma,26.202321724709783,88.88888888888889,-62.6865671641791
Oregon,25.563396312315046,88.43614841793763,-62.87275210562258
Pennsylvania,27.04447632711621,86.94404591104734,-59.899569583931125
Rhode Island,27.906976744186046,88.70431893687709,-60.79734219269104
South Carolina,26.078234704112337,87.46238716148446,-61.384152457372124
South Dakota,28.846153846153843,92.3076923076923,-63.46153846153847
Tennessee,26.569506726457398,88.2847533632287,-61.715246636771305
Texas,26.093088857545837,87.7103902209685,-61.61730136342267
Utah,27.167630057803464,90.17341040462428,-63.00578034682081
Vermont,21.78423236514523,90.87136929460581,-69.08713692946058
Virginia,25.196408529741866,88.27160493827161,-63.07519640852974
Washington,26.34065372829418,87.97242083758938,-61.631767109295204
West Virginia,30.238095238095237,85.23809523809524,-55.0
Wisconsin,26.286296484971984,88.84360672440143,-62.55731023942944
Wyoming,29.1970802919708,88.32116788321169,-59.12408759124089
