Positive,Negative,date
0.27350427350427353,0.8952991452991453,2016-10-31
0.2844402722365642,0.855902370335602,2016-11-01
0.2986356745831228,0.8554825669530066,2016-11-02
0.2974113135186961,0.8454458293384468,2016-11-03
0.2903225806451613,0.850191361399672,2016-11-04
0.30564024390243905,0.8584857723577236,2016-11-05
0.2908082408874802,0.8555863708399366,2016-11-06
0.3008445945945946,0.8429054054054054,2016-11-07
0.3261403778221471,0.8468745200430041,2016-11-08
0.31154204420357356,0.8180201541197392,2016-11-09
0.3052512704686618,0.8147939017504235,2016-11-10
0.3130041554632119,0.8219261794182352,2016-11-11
0.2919060909538664,0.8277786898703005,2016-11-12
0.3086477987421384,0.8317610062893082,2016-11-13
0.3023685019993848,0.8395878191325746,2016-11-14
0.2916865363217295,0.8388173581306628,2016-11-15
0.2969656773337755,0.8454650969988393,2016-11-16
0.30568499534016774,0.8443616029822927,2016-11-17
0.29332829332829335,0.8512568512568512,2016-11-18
0.29030572249804026,0.8622942252417037,2016-11-19
0.2867228421771806,0.8490093372808016,2016-11-20
0.30269959793222284,0.8349607505265173,2016-11-21
0.3172599337748344,0.8547185430463576,2016-11-22
0.29287962234461057,0.8229740361919748,2016-11-23
0.29471251083501876,0.8413753250505634,2016-11-24
0.31751354139798815,0.8310549393861233,2016-11-25
0.30407437790538694,0.8337435056056878,2016-11-26
0.31081808396124866,0.8447255113024758,2016-11-27
0.3164936562860438,0.8505190311418686,2016-11-28
0.2952894791450508,0.8483087777547209,2016-11-29
0.29824185248713553,0.8406946826758147,2016-11-30
0.31492361927144535,0.8465334900117509,2016-12-01
0.31576566387695093,0.8457362587649853,2016-12-02
0.30978421519361515,0.8581140999113213,2016-12-03
0.2991765782250686,0.8575785300396462,2016-12-04
0.3080077182826821,0.8547998070429329,2016-12-05
0.30897219882055604,0.8411962931760741,2016-12-06
0.3040183696900115,0.8521239954075776,2016-12-07
0.3066698888351861,0.8583856935717739,2016-12-08
0.3120494335736354,0.8436663233779609,2016-12-09
0.3131390593047035,0.8430470347648262,2016-12-10
0.31305177761870673,0.8449057504175614,2016-12-11
0.3086879780349088,0.8517356344381252,2016-12-12
0.31835284280936454,0.8499163879598662,2016-12-13
0.2984650369528141,0.8425241614553723,2016-12-14
0.3180773249738767,0.8371995820271683,2016-12-15
0.31614827439284193,0.8372390285470814,2016-12-16
0.3121968121968122,0.8451143451143451,2016-12-17
0.3005245294662141,0.8364702252391237,2016-12-18
0.3220585561011093,0.8170576468448809,2016-12-19
0.3044951434379941,0.8427829229726678,2016-12-20
0.31615873711905285,0.8495943871957904,2016-12-21
0.29898516783762685,0.8436117616445485,2016-12-22
0.2932501418037436,0.8562110039705049,2016-12-23
0.3038932948810382,0.8305695746214852,2016-12-24
0.31825355076275647,0.8485007890583903,2016-12-25
0.28830730265934995,0.8509919797382862,2016-12-26
0.29944482997918115,0.8410825815405968,2016-12-27
0.30414746543778803,0.8328725038402458,2016-12-28
0.29459291485394656,0.8371659415786202,2016-12-29
0.2961551783858677,0.8468998960859023,2016-12-30
0.30640554875560994,0.8555691554467564,2016-12-31
0.3056379821958457,0.8401865197117423,2017-01-01
0.2958125240107568,0.8543987706492508,2017-01-02
0.30511132016306053,0.8548134211351521,2017-01-03
0.2977941176470588,0.8324579831932774,2017-01-04
0.3042671614100185,0.8521070765968726,2017-01-05
0.2843898772237534,0.8556752693560511,2017-01-06
0.31900361591000403,0.84933708316593,2017-01-07
0.306439674315322,0.8423390081421169,2017-01-08
0.2951590594744122,0.8746887966804979,2017-01-09
0.29291579148367386,0.8779835783845713,2017-01-10
0.2860270973039551,0.8888736827699466,2017-01-11
0.28246628131021195,0.8747591522157996,2017-01-12
0.2860257248746457,0.8807499454981469,2017-01-13
0.3022133938706016,0.8711691259931895,2017-01-14
0.2833710407239819,0.8591628959276018,2017-01-15
0.3042000485554746,0.8647730031561058,2017-01-16
0.29196293902176257,0.8724412842059901,2017-01-17
0.3017114914425428,0.8621026894865526,2017-01-18
0.2890875745071068,0.8544245758826227,2017-01-19
0.3097633555335128,0.8696329885220349,2017-01-20
0.2882231404958678,0.8752066115702479,2017-01-21
0.2851111111111111,0.8724444444444445,2017-01-22
0.29782170968332417,0.8674720849350174,2017-01-23
0.2948765204570586,0.8673055657943236,2017-01-24
0.3067226890756303,0.8689075630252101,2017-01-25
0.2859571574294458,0.8864331859911595,2017-01-26
0.296319018404908,0.8668711656441718,2017-01-27
0.33459033253342474,0.8644154953719575,2017-01-28
0.32262382864792505,0.8739720787913559,2017-01-29
0.3076702097098535,0.8779086469405343,2017-01-30
0.3079019073569482,0.8692098092643051,2017-01-31
0.29279901734991554,0.8545984953170582,2017-02-01
0.30057963014076733,0.8653049958597847,2017-02-02
0.296875,0.8705078125,2017-02-03
0.3008998875140607,0.8793588301462317,2017-02-04
0.3099139128019994,0.8708692029991669,2017-02-05
0.28620140941122985,0.8786087747215277,2017-02-06
0.276438167413021,0.8530830175680331,2017-02-07
0.28114951768488744,0.8762057877813505,2017-02-08
0.28818827708703376,0.8743339253996447,2017-02-09
0.3025270758122744,0.8688327316486161,2017-02-10
0.3011937557392103,0.8650137741046832,2017-02-11
0.3022700119474313,0.8661887694145759,2017-02-12
0.29671479388993516,0.8798911906256539,2017-02-13
0.27154346993489087,0.8812715434699349,2017-02-14
0.2756339581036384,0.8820286659316428,2017-02-15
0.28672691830586566,0.8791423001949318,2017-02-16
0.2857678604912807,0.8794299643727733,2017-02-17
0.3021992940537605,0.8889492261743144,2017-02-18
0.30626196335794365,0.8712059064807219,2017-02-19
0.29842372428533265,0.873363612075875,2017-02-20
0.30182780182780183,0.8645983645983646,2017-02-21
0.2740036231884058,0.8591485507246377,2017-02-22
0.2920505678165845,0.8502249839297193,2017-02-23
0.2860054347826087,0.869338768115942,2017-02-24
0.27926657263751764,0.8437235543018335,2017-02-25
0.2845786963434022,0.85818759936407,2017-02-26
0.2761928805857107,0.8735167886897248,2017-02-27
0.3001793900737493,0.8804066175004983,2017-02-28
0.3003589053387169,0.8707940780619112,2017-03-01
0.2501126633618747,0.8949977467327626,2017-03-02
0.281711358843025,0.8864115697499246,2017-03-03
0.299934296977661,0.8932325886990802,2017-03-04
0.3096590909090909,0.8742897727272727,2017-03-05
0.29503612211605684,0.8727569331158238,2017-03-06
0.26620689655172414,0.8747126436781609,2017-03-07
0.283373063170441,0.8757449344457687,2017-03-08
0.26862570495696053,0.8771148708815673,2017-03-09
0.29159212880143115,0.8719141323792486,2017-03-10
0.28734622144112476,0.8532513181019332,2017-03-11
0.3227628149435274,0.8605560382276282,2017-03-12
0.27301405219386293,0.8801261829652997,2017-03-13
0.27980206927575346,0.8747188484030589,2017-03-14
0.2940195377650703,0.8677626876340243,2017-03-15
0.2773279352226721,0.8722165991902834,2017-03-16
0.29106858054226475,0.8817118553960659,2017-03-17
0.3232169954476479,0.8509104704097117,2017-03-18
0.2954380883417813,0.8580738595220855,2017-03-19
0.29039026437263954,0.8818715904322283,2017-03-20
0.2839242868568382,0.8637696614236203,2017-03-21
0.2799554565701559,0.8828507795100222,2017-03-22
0.27231216272312164,0.867579908675799,2017-03-23
0.24783010156971375,0.8600184672206833,2017-03-24
0.2578099309437685,0.8628740545873068,2017-03-25
0.2803376714737953,0.8666901160745691,2017-03-26
0.2741535920726672,0.8846683181943298,2017-03-27
0.2727021805133867,0.8716533259729506,2017-03-28
0.27653783342406096,0.8696243875884594,2017-03-29
0.26964742958440024,0.875123104195391,2017-03-30
0.28,0.8770860927152317,2017-03-31
0.29105367793240555,0.8763419483101391,2017-04-01
0.2858832807570978,0.8702681388012619,2017-04-02
0.28710526315789475,0.858421052631579,2017-04-03
0.2865251727541955,0.8524185587364265,2017-04-04
0.2834170854271357,0.8788944723618091,2017-04-05
0.27609223300970875,0.8525485436893204,2017-04-06
0.28191741813004273,0.8663977218794494,2017-04-07
0.2688980819857089,0.8691237307258368,2017-04-08
0.25591098748261476,0.8882707464070468,2017-04-09
0.2621492128678987,0.8706365503080082,2017-04-10
0.23855008572128336,0.8821944648542738,2017-04-11
0.24655172413793103,0.8925287356321839,2017-04-12
0.2503917267314322,0.8865559385772485,2017-04-13
0.26517690875232774,0.878584729981378,2017-04-14
0.273650454302512,0.8781400320684126,2017-04-15
0.2768758227292672,0.861342694164107,2017-04-16
0.26925465838509316,0.8661490683229813,2017-04-17
0.26487179487179485,0.8541025641025641,2017-04-18
0.2657693322776458,0.8690947479546054,2017-04-19
0.25521765056648776,0.8747763864042933,2017-04-20
0.2488135593220339,0.8715254237288136,2017-04-21
0.25597874224977857,0.8835252435783879,2017-04-22
0.2648845686512758,0.8537869582827056,2017-04-23
0.26112667289137875,0.8714596949891068,2017-04-24
0.2786016949152542,0.8742055084745762,2017-04-25
0.274514811031665,0.8725740551583249,2017-04-26
0.2544201378483668,0.8762361402457297,2017-04-27
0.2570799244808055,0.8926998112020138,2017-04-28
0.2693032015065913,0.8681732580037664,2017-04-29
0.24901531728665208,0.8796498905908097,2017-04-30
0.26655102630818156,0.8736629083550159,2017-05-01
0.24467790987005805,0.8888581697539397,2017-05-02
0.2563965884861407,0.875,2017-05-03
0.23543078412391094,0.854404646660213,2017-05-04
0.2557284299858557,0.8455445544554455,2017-05-05
0.2634062634062634,0.8524238524238524,2017-05-06
0.2690307328605201,0.8491725768321513,2017-05-07
0.2596816976127321,0.8838196286472149,2017-05-08
0.28370878223963436,0.8907933398628796,2017-05-09
0.2630769230769231,0.8988461538461539,2017-05-10
0.25802310654685495,0.9051668806161746,2017-05-11
0.25338159649457037,0.9135073347304249,2017-05-12
0.2674529805546701,0.8887472107108703,2017-05-13
0.27430093209054596,0.8581890812250332,2017-05-14
0.24904980996199239,0.8991798359671934,2017-05-15
0.24441425120772947,0.9104770531400966,2017-05-16
0.25565373670810243,0.904298337576756,2017-05-17
0.2672550750220653,0.8940864960282436,2017-05-18
0.26582969432314413,0.8939228529839883,2017-05-19
0.26586294416243655,0.8759517766497462,2017-05-20
0.263016157989228,0.8806104129263914,2017-05-21
0.2645416472778036,0.8964634713820382,2017-05-22
0.2644787644787645,0.8742760617760618,2017-05-23
0.23978365384615385,0.9006410256410257,2017-05-24
0.2539712556732224,0.8789712556732224,2017-05-25
0.260253382005583,0.8808245651707107,2017-05-26
0.25936329588014984,0.8782771535580525,2017-05-27
0.2816326530612245,0.8797488226059654,2017-05-28
0.28440987487318226,0.8650659452147447,2017-05-29
0.25753283543651817,0.8913211434457894,2017-05-30
0.24563342913995137,0.8923281008180411,2017-05-31
0.2742845205765615,0.8882389805723835,2017-06-01
0.2641963426371511,0.8727141482194418,2017-06-02
0.26371308016877637,0.8738396624472574,2017-06-03
0.2732166890982503,0.8778600269179004,2017-06-04
0.26066584463625153,0.8971639950678175,2017-06-05
0.2481703260146374,0.8988689288090486,2017-06-06
0.2578161822466614,0.9030636292223095,2017-06-07
0.25722543352601157,0.9231476615869679,2017-06-08
0.2672929120409906,0.9007258753202391,2017-06-09
0.27658019729630984,0.8852758494702229,2017-06-10
0.2570251030348445,0.8969651554889472,2017-06-11
0.2728218465539662,0.893368010403121,2017-06-12
0.24369900271985495,0.899365367180417,2017-06-13
0.2639023445068785,0.8628172834721953,2017-06-14
0.2594171997157072,0.8874674247808576,2017-06-15
0.25606181721289634,0.8992805755395683,2017-06-16
0.2563391442155309,0.8823296354992076,2017-06-17
0.27014418999151824,0.8693808312128923,2017-06-18
0.2432260121134842,0.8712145361810647,2017-06-19
0.25577379667601985,0.8249514353550615,2017-06-20
0.2586936090225564,0.8345864661654135,2017-06-21
0.25473241411544756,0.868427202617434,2017-06-22
0.26138559205078665,0.8722053546784433,2017-06-23
0.2609302325581395,0.8362790697674418,2017-06-24
0.26009501187648454,0.8456057007125891,2017-06-25
0.2835754189944134,0.8513966480446927,2017-06-26
0.24547234459128733,0.8578071463534018,2017-06-27
0.28564167725540024,0.8797966963151207,2017-06-28
0.26080550098231825,0.8740176817288802,2017-06-29
0.2605210420841683,0.874498997995992,2017-06-30
0.2765636774679729,0.8809344385832706,2017-07-01
0.2740945365254758,0.8723143032535298,2017-07-02
0.26160053799596505,0.867518493611298,2017-07-03
0.28325028746646225,0.8662322729014948,2017-07-04
0.2626582278481013,0.8792194092827004,2017-07-05
0.27491817911335914,0.8607557274620649,2017-07-06
0.29125896934116113,0.8633398564905415,2017-07-07
0.2652531371700563,0.8680225010817828,2017-07-08
0.2883934890304317,0.8789808917197452,2017-07-09
0.2614130434782609,0.9021739130434783,2017-07-10
0.2537996703900385,0.8760300311298297,2017-07-11
0.2657494569152788,0.8689355539464156,2017-07-12
0.2372746553552492,0.884676564156946,2017-07-13
0.25342058298631764,0.8902439024390244,2017-07-14
0.25513765025203566,0.866227219852656,2017-07-15
0.26387771520514886,0.8849557522123894,2017-07-16
0.27275296777840585,0.8708309779536462,2017-07-17
0.25113008538422904,0.8832245102963335,2017-07-18
0.26112491529252313,0.8723740682177547,2017-07-19
0.2619677652152995,0.8922299735386096,2017-07-20
0.2546644051369033,0.9125272595105404,2017-07-21
0.270855520056798,0.8753993610223643,2017-07-22
0.2508974870362984,0.8659752692461109,2017-07-23
0.24802447106806016,0.8883507519755289,2017-07-24
0.2519806763285024,0.8896618357487923,2017-07-25
0.24634769905040174,0.8948137326515705,2017-07-26
0.2408906882591093,0.9036774628879892,2017-07-27
0.24124952954459916,0.9012043658261197,2017-07-28
0.25070224719101125,0.8904494382022472,2017-07-29
0.25380196012166273,0.881378844204123,2017-07-30
0.26322450012655024,0.8990129081245254,2017-07-31
0.279399727148704,0.8829467939972715,2017-08-01
0.2746701846965699,0.8894459102902375,2017-08-02
0.27385008517887566,0.9045996592844975,2017-08-03
0.28529646370646106,0.8752991225737836,2017-08-04
0.29127459366980324,0.8725406330196749,2017-08-05
0.28272921108742005,0.8690831556503198,2017-08-06
0.2890267798824298,0.8690398432397126,2017-08-07
0.2772837510105093,0.8857450821880894,2017-08-08
0.2826210826210826,0.8928774928774929,2017-08-09
0.28443560417702635,0.8689706613625062,2017-08-10
0.29094827586206895,0.8848522167487685,2017-08-11
0.2832936979785969,0.8680142687277052,2017-08-12
0.3039733259238677,0.8513475965545985,2017-08-13
0.2902338376891334,0.871160018340211,2017-08-14
0.2871362940275651,0.8653905053598775,2017-08-15
0.2860445912469034,0.8604459124690339,2017-08-16
0.293822739480752,0.8619516562220233,2017-08-17
0.2878442741768482,0.8827914682128805,2017-08-18
0.31151832460732987,0.8515332834704562,2017-08-19
0.2740740740740741,0.8557734204793028,2017-08-20
0.2807913209955329,0.8761965539246969,2017-08-21
0.303580832016851,0.8628225381779884,2017-08-22
0.27603613177470776,0.890807651434644,2017-08-23
0.28530176147848685,0.8766965059197228,2017-08-24
0.298856416772554,0.8701397712833545,2017-08-25
0.28096455973693824,0.8523931311655096,2017-08-26
0.28402607986960066,0.8842705786471068,2017-08-27
0.3075980392156863,0.8633578431372549,2017-08-28
0.27425189082538637,0.8809602104570865,2017-08-29
0.27493765586034913,0.8712593516209476,2017-08-30
0.2916294310396187,0.878760798331844,2017-08-31
0.28262436914203315,0.8810382119682768,2017-09-01
0.2845036319612591,0.8849878934624698,2017-09-02
0.29750566893424035,0.8489795918367347,2017-09-03
0.3057373892953408,0.849441663457836,2017-09-04
0.28742674480554076,0.8609483217900906,2017-09-05
0.27148703956343795,0.8496589358799455,2017-09-06
0.258746103221337,0.8593695878074126,2017-09-07
0.27199354317998387,0.8482647296206618,2017-09-08
0.29352608422375864,0.8560653676932747,2017-09-09
0.2744814278822962,0.8263386396526773,2017-09-10
0.26644871270944015,0.8712709440130773,2017-09-11
0.2693075898801598,0.8515312916111851,2017-09-12
0.2424331472230385,0.8554216867469879,2017-09-13
0.25435751925415484,0.868261045804621,2017-09-14
0.24782500621426795,0.8762117822520508,2017-09-15
0.26717144402379667,0.8826392644672796,2017-09-16
0.2672268907563025,0.8558823529411764,2017-09-17
0.2567746199603437,0.8777263714474554,2017-09-18
0.2530334418467002,0.8792542172240307,2017-09-19
0.24187054815732426,0.8779807990089811,2017-09-20
0.24868603042876902,0.8752420470262794,2017-09-21
0.23583460949464014,0.8633996937212863,2017-09-22
0.2653745806932538,0.8714125978382408,2017-09-23
0.25320846340617414,0.8844953173777316,2017-09-24
0.23414376321353064,0.8805496828752643,2017-09-25
0.2392982456140351,0.8704093567251462,2017-09-26
0.26862059693465984,0.8556063457918796,2017-09-27
0.2462453066332916,0.876720901126408,2017-09-28
0.24275256222547584,0.8796486090775988,2017-09-29
0.26502963590177814,0.9068585944115156,2017-09-30
0.2713480710879931,0.8625921109666234,2017-10-01
0.269263698630137,0.8550941780821918,2017-10-02
0.25664621676891614,0.8665644171779141,2017-10-03
0.25649255908958274,0.8800700320980449,2017-10-04
0.2800338409475465,0.8798646362098139,2017-10-05
0.27197549770290963,0.8839203675344564,2017-10-06
0.27378964941569284,0.8718697829716193,2017-10-07
0.24662731871838112,0.8802698145025295,2017-10-08
0.24549098196392785,0.8760855043420174,2017-10-09
0.2531088082901554,0.9010362694300518,2017-10-10
0.2607317073170732,0.895609756097561,2017-10-11
0.2454193548387097,0.8926451612903226,2017-10-12
0.2802547770700637,0.8828025477707007,2017-10-13
0.28118908382066277,0.8713450292397661,2017-10-14
0.28420655861289107,0.8560120618168111,2017-10-15
0.26319018404907973,0.8782208588957056,2017-10-16
0.24631637475674173,0.8840700583819849,2017-10-17
0.2505787037037037,0.9019097222222222,2017-10-18
0.2743155149934811,0.8876140808344198,2017-10-19
0.2627367297946119,0.8863696985862897,2017-10-20
0.275,0.8669642857142857,2017-10-21
0.28585040495474034,0.875655073844688,2017-10-22
0.25798212005108556,0.8818646232439336,2017-10-23
0.27593254982115484,0.874552887072049,2017-10-24
0.27708657335406944,0.8644375324002074,2017-10-25
0.2681547619047619,0.8681547619047619,2017-10-26
0.24870466321243523,0.8846468502863376,2017-10-27
0.2653620352250489,0.8821917808219178,2017-10-28
0.2623631559078898,0.8716496791241978,2017-10-29
0.2714186611168921,0.8968088796392647,2017-10-30
0.2490566037735849,0.8896781354051054,2017-10-31
0.2587638376383764,0.8812269372693727,2017-11-01
0.2534327187132209,0.8628874068262063,2017-11-02
0.2513650151668352,0.8675429726996967,2017-11-03
0.2666012430487406,0.8439646712463199,2017-11-04
0.2679785330948122,0.8679785330948122,2017-11-05
0.2582503928758512,0.8753273965426925,2017-11-06
0.26208106001558845,0.8624318004676539,2017-11-07
0.2555443548387097,0.850554435483871,2017-11-08
0.25426103198692507,0.8699509689469997,2017-11-09
0.23676880222841226,0.8710306406685236,2017-11-10
0.25665399239543724,0.8760456273764259,2017-11-11
0.2698151950718686,0.8611909650924024,2017-11-12
0.2463310002257846,0.8728832693610296,2017-11-13
0.2371231901258011,0.8844054118205554,2017-11-14
0.2454031117397454,0.8679867986798679,2017-11-15
0.24177777777777779,0.8791111111111111,2017-11-16
0.2547476939772111,0.8692349430276722,2017-11-17
0.2772785622593068,0.8712023962344887,2017-11-18
0.25377760557923285,0.8698179000387447,2017-11-19
0.25994919559695173,0.8783516793677675,2017-11-20
0.2737580993520518,0.8609611231101512,2017-11-21
0.2602786272511043,0.8651036357458376,2017-11-22
0.27610094012864916,0.8807521029193469,2017-11-23
0.27908137793310034,0.8961557663504743,2017-11-24
0.27397986221515636,0.8722840487546369,2017-11-25
0.2796649604467194,0.8715681712424383,2017-11-26
0.2540220152413209,0.8842788597233983,2017-11-27
0.25882352941176473,0.8873529411764706,2017-11-28
0.26242440178806203,0.8858795687615041,2017-11-29
0.2540587977182975,0.8661693725318121,2017-11-30
0.2541412997309925,0.887866345745434,2017-12-01
0.2772536687631027,0.8558700209643606,2017-12-02
0.27994570749915165,0.8761452324397693,2017-12-03
0.26396495071193865,0.8784227820372399,2017-12-04
0.26068466935998297,0.8683818839038911,2017-12-05
0.25370641052411774,0.8719983295051159,2017-12-06
0.24142455482661668,0.8569821930646673,2017-12-07
0.25970149253731345,0.8601279317697228,2017-12-08
0.2565628281414071,0.8603430171508576,2017-12-09
0.2677139037433155,0.8512700534759359,2017-12-10
0.2522592305706171,0.86857733023496,2017-12-11
0.2512841308461746,0.852257366855907,2017-12-12
0.25143491945935936,0.8509535271246066,2017-12-13
0.2668545924359878,0.8682170542635659,2017-12-14
0.27704280155642025,0.8679636835278859,2017-12-15
0.27411721878412815,0.878412813978886,2017-12-16
0.25582228591902545,0.8681476173414546,2017-12-17
0.2631443959989741,0.8668889458835599,2017-12-18
0.26007625272331153,0.8602941176470589,2017-12-19
0.2741223460163969,0.8389741433676687,2017-12-20
0.28476141611082606,0.8530015392508979,2017-12-21
0.2862816987473266,0.8454017720745494,2017-12-22
0.2810185185185185,0.8606481481481482,2017-12-23
0.29331574318381703,0.8592788038698329,2017-12-24
0.3001215066828676,0.8633049817739976,2017-12-25
0.29536761580960474,0.858478538036549,2017-12-26
0.2848507744616547,0.8681526256139025,2017-12-27
0.274886141834743,0.8620689655172413,2017-12-28
0.27578796561604585,0.873567335243553,2017-12-29
0.2862018527547538,0.8746952705997074,2017-12-30
0.28596187175043325,0.8636626227614096,2017-12-31
0.2906666666666667,0.8533333333333334,2018-01-01
0.2657958687727825,0.8812272174969623,2018-01-02
0.25805613305613306,0.9176195426195426,2018-01-03
0.24645823155837812,0.8986321446018564,2018-01-04
0.2594805194805195,0.8872727272727273,2018-01-05
0.2709178031699226,0.8872097309251751,2018-01-06
0.26153259626382,0.905833015630957,2018-01-07
0.26075525812619504,0.8965105162523901,2018-01-08
0.2641418983700863,0.8787152444870565,2018-01-09
0.2628482972136223,0.8863777089783281,2018-01-10
0.2726328903654485,0.8862126245847176,2018-01-11
0.2854283426741393,0.8907125700560449,2018-01-12
0.25989268947015426,0.8809523809523809,2018-01-13
0.2790086368757041,0.8824633871573413,2018-01-14
0.2650152697658636,0.8707159823549372,2018-01-15
0.2557261515227788,0.8937830354895545,2018-01-16
0.24788806758183737,0.8899155227032735,2018-01-17
0.2718423551756885,0.8663342830009497,2018-01-18
0.26056894508099565,0.8425523508494667,2018-01-19
0.26366346472341834,0.8390195428949984,2018-01-20
0.25998598458304134,0.8479327259985985,2018-01-21
0.2749764373232799,0.807492931196984,2018-01-22
0.25232237007280944,0.8674366055736882,2018-01-23
0.2545365375183914,0.887690044139284,2018-01-24
0.26119558425328054,0.883774213705478,2018-01-25
0.26637341153470184,0.8768328445747801,2018-01-26
0.27254013997529847,0.8793742280773981,2018-01-27
0.27348066298342544,0.8614838200473559,2018-01-28
0.285363859362224,0.8760425183973835,2018-01-29
0.2838382330995374,0.8750932696612446,2018-01-30
0.2725649672683991,0.8793890101170403,2018-01-31
0.2537603105288695,0.8750606501698205,2018-02-01
0.26883736788271395,0.8828844186839414,2018-02-02
0.2807797537619699,0.865595075239398,2018-02-03
0.28476040848389633,0.8648860958366065,2018-02-04
0.2745147466599445,0.8873203932442651,2018-02-05
0.27209746774964166,0.8843764930721453,2018-02-06
0.2759754493643139,0.8658483121437965,2018-02-07
0.2726164350158498,0.8702755425505975,2018-02-08
0.273946874161524,0.8666487791789643,2018-02-09
0.2844669117647059,0.8915441176470589,2018-02-10
0.27632205812291566,0.8537398761314912,2018-02-11
0.27184195882025597,0.8681135225375626,2018-02-12
0.2698612862547289,0.8713745271122321,2018-02-13
0.268685881778212,0.878114313629702,2018-02-14
0.2634876435781413,0.8525931082492169,2018-02-15
0.28878153515834676,0.8629450706745393,2018-02-16
0.28035538005923,0.8519249753208292,2018-02-17
0.2830188679245283,0.8620781291522721,2018-02-18
0.28696022122952564,0.8634333120612636,2018-02-19
0.2752164284276223,0.8522246829071874,2018-02-20
0.26912882134652766,0.8528008482063969,2018-02-21
0.26397369657116015,0.8565836856113982,2018-02-22
0.2564675227991811,0.8741857435324772,2018-02-23
0.2676470588235294,0.8508823529411764,2018-02-24
0.28661844484629295,0.8339361060880048,2018-02-25
0.2623599208965063,0.8701384311140409,2018-02-26
0.25944978751957054,0.8785506598076493,2018-02-27
0.27,0.8694594594594595,2018-02-28
